Phi[deg],Theta[deg],dB(DirTotal)
0,0,-51.8634
5,0,-51.8634
10,0,-51.8634
15,0,-51.8634
20,0,-51.8634
25,0,-51.8634
30,0,-51.8634
35,0,-51.8634
40,0,-51.8634
45,0,-51.8634
50,0,-51.8634
55,0,-51.8634
60,0,-51.8634
65,0,-51.8634
70,0,-51.8634
75,0,-51.8634
80,0,-51.8634
85,0,-51.8634
90,0,-51.8634
95,0,-51.8634
100,0,-51.8634
105,0,-51.8634
110,0,-51.8634
115,0,-51.8634
120,0,-51.8634
125,0,-51.8634
130,0,-51.8634
135,0,-51.8634
140,0,-51.8634
145,0,-51.8634
150,0,-51.8634
155,0,-51.8634
160,0,-51.8634
165,0,-51.8634
170,0,-51.8634
175,0,-51.8634
180,0,-51.8634
185,0,-51.8634
190,0,-51.8634
195,0,-51.8634
200,0,-51.8634
205,0,-51.8634
210,0,-51.8634
215,0,-51.8634
220,0,-51.8634
225,0,-51.8634
230,0,-51.8634
235,0,-51.8634
240,0,-51.8634
245,0,-51.8634
250,0,-51.8634
255,0,-51.8634
260,0,-51.8634
265,0,-51.8634
270,0,-51.8634
275,0,-51.8634
280,0,-51.8634
285,0,-51.8634
290,0,-51.8634
295,0,-51.8634
300,0,-51.8634
305,0,-51.8634
310,0,-51.8634
315,0,-51.8634
320,0,-51.8634
325,0,-51.8634
330,0,-51.8634
335,0,-51.8634
340,0,-51.8634
345,0,-51.8634
350,0,-51.8634
355,0,-51.8634
360,0,-51.8634
0,5,-20.6839
5,5,-20.7001
10,5,-20.7159
15,5,-20.7311
20,5,-20.7455
25,5,-20.7592
30,5,-20.7718
35,5,-20.7835
40,5,-20.794
45,5,-20.8034
50,5,-20.8115
55,5,-20.8183
60,5,-20.8238
65,5,-20.8279
70,5,-20.8306
75,5,-20.8319
80,5,-20.8319
85,5,-20.8305
90,5,-20.8277
95,5,-20.8237
100,5,-20.8183
105,5,-20.8118
110,5,-20.8041
115,5,-20.7953
120,5,-20.7855
125,5,-20.7747
130,5,-20.763
135,5,-20.7505
140,5,-20.7374
145,5,-20.7235
150,5,-20.7092
155,5,-20.6944
160,5,-20.6792
165,5,-20.6638
170,5,-20.6483
175,5,-20.6327
180,5,-20.6172
185,5,-20.6018
190,5,-20.5867
195,5,-20.572
200,5,-20.5578
205,5,-20.5442
210,5,-20.5312
215,5,-20.5191
220,5,-20.5079
225,5,-20.4976
230,5,-20.4885
235,5,-20.4805
240,5,-20.4737
245,5,-20.4683
250,5,-20.4642
255,5,-20.4615
260,5,-20.4603
265,5,-20.4605
270,5,-20.4622
275,5,-20.4654
280,5,-20.4701
285,5,-20.4762
290,5,-20.4836
295,5,-20.4924
300,5,-20.5025
305,5,-20.5138
310,5,-20.5261
315,5,-20.5395
320,5,-20.5537
325,5,-20.5687
330,5,-20.5843
335,5,-20.6005
340,5,-20.617
345,5,-20.6337
350,5,-20.6505
355,5,-20.6673
360,5,-20.6839
0,10,-14.6335
5,10,-14.6414
10,10,-14.6491
15,10,-14.6564
20,10,-14.6633
25,10,-14.6697
30,10,-14.6757
35,10,-14.6811
40,10,-14.6859
45,10,-14.6902
50,10,-14.6938
55,10,-14.6968
60,10,-14.6992
65,10,-14.7009
70,10,-14.7021
75,10,-14.7026
80,10,-14.7025
85,10,-14.7018
90,10,-14.7006
95,10,-14.6988
100,10,-14.6964
105,10,-14.6936
110,10,-14.6903
115,10,-14.6865
120,10,-14.6823
125,10,-14.6776
130,10,-14.6726
135,10,-14.6673
140,10,-14.6616
145,10,-14.6556
150,10,-14.6493
155,10,-14.6428
160,10,-14.6361
165,10,-14.6292
170,10,-14.6221
175,10,-14.615
180,10,-14.6078
185,10,-14.6005
190,10,-14.5933
195,10,-14.5861
200,10,-14.5791
205,10,-14.5722
210,10,-14.5655
215,10,-14.5592
220,10,-14.5532
225,10,-14.5476
230,10,-14.5424
235,10,-14.5378
240,10,-14.5338
245,10,-14.5304
250,10,-14.5277
255,10,-14.5257
260,10,-14.5245
265,10,-14.524
270,10,-14.5244
275,10,-14.5255
280,10,-14.5275
285,10,-14.5302
290,10,-14.5337
295,10,-14.538
300,10,-14.5429
305,10,-14.5485
310,10,-14.5547
315,10,-14.5614
320,10,-14.5685
325,10,-14.5761
330,10,-14.584
335,10,-14.5921
340,10,-14.6003
345,10,-14.6087
350,10,-14.6171
355,10,-14.6254
360,10,-14.6335
0,15,-11.0858
5,15,-11.0909
10,15,-11.0958
15,15,-11.1004
20,15,-11.1048
25,15,-11.1088
30,15,-11.1126
35,15,-11.1159
40,15,-11.1189
45,15,-11.1216
50,15,-11.1238
55,15,-11.1257
60,15,-11.1271
65,15,-11.1282
70,15,-11.1289
75,15,-11.1293
80,15,-11.1293
85,15,-11.129
90,15,-11.1284
95,15,-11.1274
100,15,-11.1262
105,15,-11.1247
110,15,-11.123
115,15,-11.121
120,15,-11.1187
125,15,-11.1162
130,15,-11.1136
135,15,-11.1107
140,15,-11.1076
145,15,-11.1043
150,15,-11.1009
155,15,-11.0973
160,15,-11.0935
165,15,-11.0896
170,15,-11.0856
175,15,-11.0814
180,15,-11.0771
185,15,-11.0728
190,15,-11.0683
195,15,-11.0639
200,15,-11.0594
205,15,-11.0549
210,15,-11.0505
215,15,-11.0461
220,15,-11.0419
225,15,-11.0379
230,15,-11.0341
235,15,-11.0306
240,15,-11.0275
245,15,-11.0247
250,15,-11.0224
255,15,-11.0205
260,15,-11.0192
265,15,-11.0184
270,15,-11.0181
275,15,-11.0184
280,15,-11.0193
285,15,-11.0207
290,15,-11.0227
295,15,-11.0251
300,15,-11.0281
305,15,-11.0316
310,15,-11.0354
315,15,-11.0396
320,15,-11.0442
325,15,-11.049
330,15,-11.054
335,15,-11.0592
340,15,-11.0646
345,15,-11.0699
350,15,-11.0753
355,15,-11.0806
360,15,-11.0858
0,20,-8.56035
5,20,-8.56392
10,20,-8.56736
15,20,-8.57064
20,20,-8.57373
25,20,-8.5766
30,20,-8.57924
35,20,-8.58163
40,20,-8.58376
45,20,-8.58563
50,20,-8.58723
55,20,-8.58857
60,20,-8.58966
65,20,-8.59049
70,20,-8.59109
75,20,-8.59147
80,20,-8.59163
85,20,-8.5916
90,20,-8.59137
95,20,-8.59097
100,20,-8.5904
105,20,-8.58966
110,20,-8.58877
115,20,-8.58774
120,20,-8.58656
125,20,-8.58524
130,20,-8.58379
135,20,-8.58221
140,20,-8.5805
145,20,-8.57868
150,20,-8.57673
155,20,-8.57467
160,20,-8.57249
165,20,-8.57019
170,20,-8.56778
175,20,-8.56524
180,20,-8.56258
185,20,-8.5598
190,20,-8.55691
195,20,-8.5539
200,20,-8.5508
205,20,-8.54763
210,20,-8.5444
215,20,-8.54114
220,20,-8.5379
225,20,-8.53471
230,20,-8.53162
235,20,-8.52868
240,20,-8.52593
245,20,-8.52343
250,20,-8.52122
255,20,-8.51934
260,20,-8.51783
265,20,-8.51672
270,20,-8.51603
275,20,-8.51577
280,20,-8.51594
285,20,-8.51655
290,20,-8.51759
295,20,-8.51903
300,20,-8.52086
305,20,-8.52304
310,20,-8.52556
315,20,-8.52836
320,20,-8.53142
325,20,-8.5347
330,20,-8.53815
335,20,-8.54175
340,20,-8.54543
345,20,-8.54918
350,20,-8.55294
355,20,-8.55667
360,20,-8.56035
0,25,-6.59634
5,25,-6.59898
10,25,-6.60154
15,25,-6.60399
20,25,-6.60631
25,25,-6.60849
30,25,-6.6105
35,25,-6.61234
40,25,-6.61399
45,25,-6.61546
50,25,-6.61674
55,25,-6.61784
60,25,-6.61876
65,25,-6.61952
70,25,-6.62012
75,25,-6.62058
80,25,-6.6209
85,25,-6.62111
90,25,-6.6212
95,25,-6.62118
100,25,-6.62106
105,25,-6.62084
110,25,-6.62052
115,25,-6.62012
120,25,-6.61962
125,25,-6.61903
130,25,-6.61836
135,25,-6.61761
140,25,-6.61677
145,25,-6.61585
150,25,-6.61485
155,25,-6.61377
160,25,-6.61261
165,25,-6.61135
170,25,-6.60998
175,25,-6.60851
180,25,-6.60691
185,25,-6.60518
190,25,-6.60331
195,25,-6.60129
200,25,-6.59912
205,25,-6.59682
210,25,-6.59438
215,25,-6.59185
220,25,-6.58924
225,25,-6.58658
230,25,-6.58393
235,25,-6.58132
240,25,-6.57881
245,25,-6.57644
250,25,-6.57426
255,25,-6.57232
260,25,-6.57064
265,25,-6.56927
270,25,-6.56822
275,25,-6.56752
280,25,-6.56716
285,25,-6.56716
290,25,-6.5675
295,25,-6.56818
300,25,-6.56917
305,25,-6.57046
310,25,-6.57202
315,25,-6.57383
320,25,-6.57585
325,25,-6.57807
330,25,-6.58044
335,25,-6.58295
340,25,-6.58555
345,25,-6.58822
350,25,-6.59093
355,25,-6.59365
360,25,-6.59634
0,30,-4.99145
5,30,-4.99344
10,30,-4.9954
15,30,-4.9973
20,30,-4.99913
25,30,-5.00086
30,30,-5.00249
35,30,-5.004
40,30,-5.00539
45,30,-5.00665
50,30,-5.00778
55,30,-5.00878
60,30,-5.00966
65,30,-5.01043
70,30,-5.01109
75,30,-5.01167
80,30,-5.01216
85,30,-5.01257
90,30,-5.01291
95,30,-5.01319
100,30,-5.0134
105,30,-5.01355
110,30,-5.01364
115,30,-5.01367
120,30,-5.01364
125,30,-5.01356
130,30,-5.01341
135,30,-5.01321
140,30,-5.01296
145,30,-5.01266
150,30,-5.01231
155,30,-5.01191
160,30,-5.01145
165,30,-5.01092
170,30,-5.01031
175,30,-5.00961
180,30,-5.00879
185,30,-5.00783
190,30,-5.00672
195,30,-5.00544
200,30,-5.00399
205,30,-5.00234
210,30,-5.00052
215,30,-4.99854
220,30,-4.99641
225,30,-4.99416
230,30,-4.99184
235,30,-4.98948
240,30,-4.98713
245,30,-4.98485
250,30,-4.98267
255,30,-4.98064
260,30,-4.9788
265,30,-4.97719
270,30,-4.97583
275,30,-4.97474
280,30,-4.97394
285,30,-4.97342
290,30,-4.97318
295,30,-4.97323
300,30,-4.97354
305,30,-4.97411
310,30,-4.97491
315,30,-4.97594
320,30,-4.97716
325,30,-4.97856
330,30,-4.98012
335,30,-4.98181
340,30,-4.98362
345,30,-4.98551
350,30,-4.98746
355,30,-4.98945
360,30,-4.99145
0,35,-3.64038
5,35,-3.6419
10,35,-3.64343
15,35,-3.64496
20,35,-3.64645
25,35,-3.6479
30,35,-3.6493
35,35,-3.65062
40,35,-3.65187
45,35,-3.65304
50,35,-3.65412
55,35,-3.65511
60,35,-3.65603
65,35,-3.65686
70,35,-3.65762
75,35,-3.65832
80,35,-3.65896
85,35,-3.65955
90,35,-3.6601
95,35,-3.6606
100,35,-3.66106
105,35,-3.66147
110,35,-3.66185
115,35,-3.66218
120,35,-3.66246
125,35,-3.66271
130,35,-3.66292
135,35,-3.6631
140,35,-3.66325
145,35,-3.66337
150,35,-3.66348
155,35,-3.66356
160,35,-3.66362
165,35,-3.66363
170,35,-3.6636
175,35,-3.66348
180,35,-3.66326
185,35,-3.66292
190,35,-3.66242
195,35,-3.66174
200,35,-3.66086
205,35,-3.65976
210,35,-3.65845
215,35,-3.65693
220,35,-3.65521
225,35,-3.65332
230,35,-3.65128
235,35,-3.64914
240,35,-3.64694
245,35,-3.64472
250,35,-3.64255
255,35,-3.64045
260,35,-3.63847
265,35,-3.63664
270,35,-3.635
275,35,-3.63357
280,35,-3.63235
285,35,-3.63137
290,35,-3.63063
295,35,-3.63012
300,35,-3.62985
305,35,-3.6298
310,35,-3.62997
315,35,-3.63034
320,35,-3.63091
325,35,-3.63165
330,35,-3.63256
335,35,-3.63361
340,35,-3.63479
345,35,-3.63607
350,35,-3.63745
355,35,-3.63889
360,35,-3.64038
0,40,-2.48279
5,40,-2.48396
10,40,-2.48518
15,40,-2.48644
20,40,-2.48771
25,40,-2.48898
30,40,-2.49024
35,40,-2.49148
40,40,-2.49268
45,40,-2.49384
50,40,-2.49494
55,40,-2.49599
60,40,-2.49697
65,40,-2.4979
70,40,-2.49877
75,40,-2.49959
80,40,-2.50036
85,40,-2.50109
90,40,-2.50178
95,40,-2.50243
100,40,-2.50305
105,40,-2.50364
110,40,-2.50419
115,40,-2.5047
120,40,-2.50519
125,40,-2.50564
130,40,-2.50608
135,40,-2.5065
140,40,-2.50691
145,40,-2.50733
150,40,-2.50775
155,40,-2.50818
160,40,-2.50862
165,40,-2.50904
170,40,-2.50944
175,40,-2.50979
180,40,-2.51005
185,40,-2.5102
190,40,-2.51021
195,40,-2.51003
200,40,-2.50964
205,40,-2.50903
210,40,-2.50817
215,40,-2.50707
220,40,-2.50572
225,40,-2.50415
230,40,-2.50239
235,40,-2.50047
240,40,-2.49842
245,40,-2.4963
250,40,-2.49414
255,40,-2.49199
260,40,-2.48989
265,40,-2.48788
270,40,-2.48598
275,40,-2.48424
280,40,-2.48265
285,40,-2.48125
290,40,-2.48005
295,40,-2.47905
300,40,-2.47825
305,40,-2.47766
310,40,-2.47728
315,40,-2.4771
320,40,-2.47712
325,40,-2.47732
330,40,-2.4777
335,40,-2.47823
340,40,-2.47892
345,40,-2.47973
350,40,-2.48066
355,40,-2.48168
360,40,-2.48279
0,45,-1.48203
5,45,-1.48294
10,45,-1.48394
15,45,-1.48501
20,45,-1.48613
25,45,-1.4873
30,45,-1.4885
35,45,-1.48972
40,45,-1.49093
45,45,-1.49214
50,45,-1.49331
55,45,-1.49445
60,45,-1.49553
65,45,-1.49656
70,45,-1.49754
75,45,-1.49846
80,45,-1.49932
85,45,-1.50014
90,45,-1.50091
95,45,-1.50164
100,45,-1.50233
105,45,-1.50299
110,45,-1.50362
115,45,-1.50421
120,45,-1.50479
125,45,-1.50535
130,45,-1.5059
135,45,-1.50646
140,45,-1.50704
145,45,-1.50764
150,45,-1.50828
155,45,-1.50895
160,45,-1.50966
165,45,-1.51039
170,45,-1.51112
175,45,-1.51184
180,45,-1.51249
185,45,-1.51305
190,45,-1.51348
195,45,-1.51373
200,45,-1.51378
205,45,-1.51359
210,45,-1.51314
215,45,-1.51243
220,45,-1.51144
225,45,-1.5102
230,45,-1.50872
235,45,-1.50703
240,45,-1.50516
245,45,-1.50315
250,45,-1.50104
255,45,-1.49887
260,45,-1.49668
265,45,-1.4945
270,45,-1.49239
275,45,-1.49035
280,45,-1.48843
285,45,-1.48665
290,45,-1.48503
295,45,-1.48358
300,45,-1.48233
305,45,-1.48127
310,45,-1.48042
315,45,-1.47977
320,45,-1.47933
325,45,-1.47909
330,45,-1.47904
335,45,-1.47917
340,45,-1.47946
345,45,-1.47991
350,45,-1.4805
355,45,-1.48121
360,45,-1.48203
0,50,-0.615116
5,50,-0.615849
10,50,-0.616693
15,50,-0.617641
20,50,-0.618681
25,50,-0.619804
30,50,-0.620993
35,50,-0.622233
40,50,-0.623505
45,50,-0.624787
50,50,-0.626058
55,50,-0.627299
60,50,-0.62849
65,50,-0.62962
70,50,-0.63068
75,50,-0.631665
80,50,-0.632577
85,50,-0.633419
90,50,-0.634199
95,50,-0.634924
100,50,-0.635602
105,50,-0.636241
110,50,-0.63685
115,50,-0.637437
120,50,-0.638011
125,50,-0.638584
130,50,-0.639168
135,50,-0.639779
140,50,-0.64043
145,50,-0.641134
150,50,-0.641903
155,50,-0.64274
160,50,-0.643644
165,50,-0.644602
170,50,-0.645595
175,50,-0.646594
180,50,-0.647563
185,50,-0.648461
190,50,-0.649244
195,50,-0.649868
200,50,-0.650293
205,50,-0.650484
210,50,-0.650415
215,50,-0.650068
220,50,-0.649436
225,50,-0.648519
230,50,-0.647329
235,50,-0.645885
240,50,-0.644213
245,50,-0.642343
250,50,-0.640309
255,50,-0.63815
260,50,-0.635902
265,50,-0.633605
270,50,-0.631296
275,50,-0.629014
280,50,-0.626795
285,50,-0.624672
290,50,-0.622678
295,50,-0.620839
300,50,-0.619182
305,50,-0.617723
310,50,-0.616476
315,50,-0.61545
320,50,-0.614645
325,50,-0.614058
330,50,-0.613681
335,50,-0.613504
340,50,-0.613512
345,50,-0.613691
350,50,-0.614026
355,50,-0.614506
360,50,-0.615116
0,55,0.132552
5,55,0.13194
10,55,0.131192
15,55,0.130315
20,55,0.129314
25,55,0.1282
30,55,0.126986
35,55,0.125692
40,55,0.124341
45,55,0.122961
50,55,0.121583
55,55,0.120237
60,55,0.118948
65,55,0.117741
70,55,0.116629
75,55,0.115622
80,55,0.11472
85,55,0.113918
90,55,0.113205
95,55,0.112567
100,55,0.11199
105,55,0.111458
110,55,0.110956
115,55,0.110467
120,55,0.109978
125,55,0.10947
130,55,0.108929
135,55,0.108335
140,55,0.107673
145,55,0.106927
150,55,0.106086
155,55,0.105146
160,55,0.104108
165,55,0.102984
170,55,0.101796
175,55,0.100573
180,55,0.0993538
185,55,0.0981813
190,55,0.0971024
195,55,0.0961637
200,55,0.0954093
205,55,0.0948781
210,55,0.0946021
215,55,0.0946048
220,55,0.0949014
225,55,0.095498
230,55,0.0963926
235,55,0.0975755
240,55,0.0990305
245,55,0.100735
250,55,0.102663
255,55,0.104782
260,55,0.107055
265,55,0.109445
270,55,0.111908
275,55,0.114401
280,55,0.116878
285,55,0.119294
290,55,0.121605
295,55,0.123773
300,55,0.125762
305,55,0.127544
310,55,0.1291
315,55,0.130418
320,55,0.131493
325,55,0.132329
330,55,0.132935
335,55,0.133324
340,55,0.133513
345,55,0.133516
350,55,0.133349
355,55,0.133025
360,55,0.132552
0,60,0.770255
5,60,0.769709
10,60,0.769013
15,60,0.768168
20,60,0.767175
25,60,0.766044
30,60,0.764786
35,60,0.763424
40,60,0.761987
45,60,0.76051
50,60,0.759032
55,60,0.757594
60,60,0.756232
65,60,0.754979
70,60,0.753858
75,60,0.752881
80,60,0.752049
85,60,0.751355
90,60,0.750783
95,60,0.750312
100,60,0.749917
105,60,0.749574
110,60,0.749257
115,60,0.748942
120,60,0.748607
125,60,0.748229
130,60,0.747787
135,60,0.747263
140,60,0.746637
145,60,0.745895
150,60,0.745025
155,60,0.744025
160,60,0.742897
165,60,0.741655
170,60,0.740321
175,60,0.738926
180,60,0.73751
185,60,0.736118
190,60,0.734797
195,60,0.733596
200,60,0.732562
205,60,0.731735
210,60,0.731152
215,60,0.730841
220,60,0.730823
225,60,0.731114
230,60,0.731719
235,60,0.732639
240,60,0.733869
245,60,0.735394
250,60,0.737196
255,60,0.739249
260,60,0.741519
265,60,0.743967
270,60,0.746546
275,60,0.749205
280,60,0.751888
285,60,0.754538
290,60,0.757101
295,60,0.759524
300,60,0.761763
305,60,0.763783
310,60,0.765556
315,60,0.76707
320,60,0.768318
325,60,0.769307
330,60,0.770047
335,60,0.770556
340,60,0.770854
345,60,0.770958
350,60,0.770885
355,60,0.770648
360,60,0.770255
0,65,1.3038
5,65,1.30328
10,65,1.3026
15,65,1.30175
20,65,1.30075
25,65,1.29959
30,65,1.29828
35,65,1.29686
40,65,1.29534
45,65,1.29378
50,65,1.29223
55,65,1.29073
60,65,1.28933
65,65,1.28807
70,65,1.28699
75,65,1.2861
80,65,1.28539
85,65,1.28487
90,65,1.28451
95,65,1.28428
100,65,1.28413
105,65,1.28405
110,65,1.28398
115,65,1.2839
120,65,1.28377
125,65,1.28357
130,65,1.28328
135,65,1.28286
140,65,1.2823
145,65,1.28159
150,65,1.28072
155,65,1.27969
160,65,1.2785
165,65,1.27718
170,65,1.27574
175,65,1.27421
180,65,1.27264
185,65,1.27108
190,65,1.26957
195,65,1.26815
200,65,1.26689
205,65,1.26581
210,65,1.26497
215,65,1.26438
220,65,1.26408
225,65,1.26409
230,65,1.26443
235,65,1.2651
240,65,1.26611
245,65,1.26745
250,65,1.26912
255,65,1.27109
260,65,1.27333
265,65,1.27581
270,65,1.27846
275,65,1.28123
280,65,1.28406
285,65,1.28687
290,65,1.28961
295,65,1.2922
300,65,1.2946
305,65,1.29676
310,65,1.29865
315,65,1.30026
320,65,1.30159
325,65,1.30263
330,65,1.30342
335,65,1.30396
340,65,1.30428
345,65,1.30442
350,65,1.30437
355,65,1.30416
360,65,1.3038
0,70,1.73672
5,70,1.73618
10,70,1.7355
15,70,1.73464
20,70,1.73362
25,70,1.73243
30,70,1.73108
35,70,1.72961
40,70,1.72804
45,70,1.72643
50,70,1.72483
55,70,1.72331
60,70,1.72192
65,70,1.72071
70,70,1.71972
75,70,1.71896
80,70,1.71845
85,70,1.71816
90,70,1.71806
95,70,1.71812
100,70,1.71828
105,70,1.7185
110,70,1.71874
115,70,1.71893
120,70,1.71905
125,70,1.71906
130,70,1.71893
135,70,1.71864
140,70,1.71817
145,70,1.71752
150,70,1.71666
155,70,1.71562
160,70,1.7144
165,70,1.71301
170,70,1.71149
175,70,1.70986
180,70,1.70818
185,70,1.70649
190,70,1.70483
195,70,1.70325
200,70,1.7018
205,70,1.70053
210,70,1.69947
215,70,1.69866
220,70,1.69812
225,70,1.6979
230,70,1.698
235,70,1.69845
240,70,1.69926
245,70,1.70044
250,70,1.70197
255,70,1.70385
260,70,1.70604
265,70,1.7085
270,70,1.71118
275,70,1.71401
280,70,1.71692
285,70,1.71981
290,70,1.72263
295,70,1.7253
300,70,1.72776
305,70,1.72996
310,70,1.73187
315,70,1.73347
320,70,1.73477
325,70,1.73578
330,70,1.73652
335,70,1.73702
340,70,1.7373
345,70,1.7374
350,70,1.73732
355,70,1.7371
360,70,1.73672
0,75,2.07108
5,75,2.07052
10,75,2.0698
15,75,2.06893
20,75,2.06789
25,75,2.06668
30,75,2.06532
35,75,2.06383
40,75,2.06224
45,75,2.06063
50,75,2.05904
55,75,2.05755
60,75,2.05622
65,75,2.05511
70,75,2.05426
75,75,2.0537
80,75,2.05341
85,75,2.05339
90,75,2.0536
95,75,2.05399
100,75,2.05449
105,75,2.05505
110,75,2.05561
115,75,2.05611
120,75,2.0565
125,75,2.05673
130,75,2.05679
135,75,2.05664
140,75,2.05627
145,75,2.05567
150,75,2.05484
155,75,2.05379
160,75,2.05254
165,75,2.05111
170,75,2.04953
175,75,2.04783
180,75,2.04607
185,75,2.04428
190,75,2.04251
195,75,2.04082
200,75,2.03924
205,75,2.03782
210,75,2.0366
215,75,2.03561
220,75,2.0349
225,75,2.03449
230,75,2.03441
235,75,2.03468
240,75,2.03533
245,75,2.03636
250,75,2.03777
255,75,2.03955
260,75,2.04168
265,75,2.0441
270,75,2.04676
275,75,2.04958
280,75,2.05248
285,75,2.05537
290,75,2.05818
295,75,2.06082
300,75,2.06323
305,75,2.06536
310,75,2.06718
315,75,2.06869
320,75,2.06987
325,75,2.07076
330,75,2.07138
335,75,2.07177
340,75,2.07194
345,75,2.07195
350,75,2.0718
355,75,2.07151
360,75,2.07108
0,80,2.30805
5,80,2.30744
10,80,2.30669
15,80,2.3058
20,80,2.30476
25,80,2.30356
30,80,2.30221
35,80,2.30074
40,80,2.29919
45,80,2.29763
50,80,2.29611
55,80,2.29471
60,80,2.29351
65,80,2.29255
70,80,2.2919
75,80,2.29156
80,80,2.29154
85,80,2.29182
90,80,2.29236
95,80,2.29309
100,80,2.29395
105,80,2.29486
110,80,2.29575
115,80,2.29655
120,80,2.2972
125,80,2.29767
130,80,2.29791
135,80,2.2979
140,80,2.29763
145,80,2.29709
150,80,2.29629
155,80,2.29525
160,80,2.29398
165,80,2.29251
170,80,2.29089
175,80,2.28914
180,80,2.28732
185,80,2.28546
190,80,2.28362
195,80,2.28185
200,80,2.28019
205,80,2.27867
210,80,2.27735
215,80,2.27625
220,80,2.27542
225,80,2.27488
230,80,2.27468
235,80,2.27482
240,80,2.27535
245,80,2.27627
250,80,2.27758
255,80,2.27928
260,80,2.28132
265,80,2.28366
270,80,2.28625
275,80,2.28899
280,80,2.29181
285,80,2.29461
290,80,2.2973
295,80,2.2998
300,80,2.30206
305,80,2.30402
310,80,2.30566
315,80,2.30697
320,80,2.30796
325,80,2.30865
330,80,2.30909
335,80,2.3093
340,80,2.30932
345,80,2.30919
350,80,2.30893
355,80,2.30855
360,80,2.30805
0,85,2.44825
5,85,2.44758
10,85,2.4468
15,85,2.4459
20,85,2.44487
25,85,2.44371
30,85,2.44241
35,85,2.44102
40,85,2.43957
45,85,2.43812
50,85,2.43674
55,85,2.4355
60,85,2.43448
65,85,2.43373
70,85,2.43331
75,85,2.43324
80,85,2.43352
85,85,2.43412
90,85,2.43498
95,85,2.43606
100,85,2.43726
105,85,2.4385
110,85,2.43971
115,85,2.4408
120,85,2.44171
125,85,2.44239
130,85,2.44281
135,85,2.44293
140,85,2.44275
145,85,2.44228
150,85,2.44151
155,85,2.44047
160,85,2.43919
165,85,2.4377
170,85,2.43605
175,85,2.43426
180,85,2.4324
185,85,2.43051
190,85,2.42863
195,85,2.42682
200,85,2.42511
205,85,2.42355
210,85,2.42218
215,85,2.42103
220,85,2.42014
225,85,2.41954
230,85,2.41927
235,85,2.41935
240,85,2.41981
245,85,2.42065
250,85,2.42188
255,85,2.42349
260,85,2.42544
265,85,2.42767
270,85,2.43013
275,85,2.43273
280,85,2.43538
285,85,2.43799
290,85,2.44047
295,85,2.44274
300,85,2.44474
305,85,2.44644
310,85,2.4478
315,85,2.44884
320,85,2.44956
325,85,2.45
330,85,2.45019
335,85,2.45018
340,85,2.45001
345,85,2.44972
350,85,2.44931
355,85,2.44882
360,85,2.44825
0,90,2.49198
5,90,2.49125
10,90,2.49045
15,90,2.48956
20,90,2.48857
25,90,2.48748
30,90,2.48629
35,90,2.48503
40,90,2.48374
45,90,2.48247
50,90,2.48129
55,90,2.48028
60,90,2.47951
65,90,2.47902
70,90,2.47888
75,90,2.47911
80,90,2.47969
85,90,2.4806
90,90,2.48179
95,90,2.48318
100,90,2.4847
105,90,2.48624
110,90,2.48773
115,90,2.48908
120,90,2.49022
125,90,2.4911
130,90,2.49168
135,90,2.49192
140,90,2.49183
145,90,2.49141
150,90,2.49068
155,90,2.48965
160,90,2.48837
165,90,2.48687
170,90,2.48519
175,90,2.48339
180,90,2.48151
185,90,2.4796
190,90,2.47772
195,90,2.4759
200,90,2.47418
205,90,2.47262
210,90,2.47125
215,90,2.4701
220,90,2.46921
225,90,2.46861
230,90,2.46833
235,90,2.4684
240,90,2.46883
245,90,2.46963
250,90,2.47081
255,90,2.47233
260,90,2.47417
265,90,2.47626
270,90,2.47854
275,90,2.48093
280,90,2.48334
285,90,2.48567
290,90,2.48784
295,90,2.48979
300,90,2.49145
305,90,2.4928
310,90,2.49382
315,90,2.49452
320,90,2.49491
325,90,2.49505
330,90,2.49496
335,90,2.4947
340,90,2.49431
345,90,2.49382
350,90,2.49326
355,90,2.49264
360,90,2.49198
0,95,2.43941
5,95,2.43863
10,95,2.43782
15,95,2.43696
20,95,2.43604
25,95,2.43506
30,95,2.43403
35,95,2.43295
40,95,2.43188
45,95,2.43086
50,95,2.42996
55,95,2.42924
60,95,2.42876
65,95,2.42859
70,95,2.42876
75,95,2.42929
80,95,2.43018
85,95,2.4314
90,95,2.43288
95,95,2.43456
100,95,2.43635
105,95,2.43816
110,95,2.43989
115,95,2.44146
120,95,2.44279
125,95,2.44383
130,95,2.44454
135,95,2.4449
140,95,2.44489
145,95,2.44452
150,95,2.44382
155,95,2.44281
160,95,2.44153
165,95,2.44003
170,95,2.43836
175,95,2.43655
180,95,2.43468
185,95,2.43278
190,95,2.4309
195,95,2.4291
200,95,2.42742
205,95,2.4259
210,95,2.42457
215,95,2.42347
220,95,2.42263
225,95,2.42207
230,95,2.42184
235,95,2.42193
240,95,2.42237
245,95,2.42316
250,95,2.42429
255,95,2.42573
260,95,2.42744
265,95,2.42936
270,95,2.43142
275,95,2.43354
280,95,2.43563
285,95,2.43761
290,95,2.43941
295,95,2.44096
300,95,2.44221
305,95,2.44315
310,95,2.44377
315,95,2.44407
320,95,2.4441
325,95,2.4439
330,95,2.4435
335,95,2.44297
340,95,2.44234
345,95,2.44164
350,95,2.44092
355,95,2.44017
360,95,2.43941
0,100,2.2906
5,100,2.28978
10,100,2.28897
15,100,2.28816
20,100,2.28734
25,100,2.28651
30,100,2.28567
35,100,2.28484
40,100,2.28404
45,100,2.28333
50,100,2.28276
55,100,2.28238
60,100,2.28225
65,100,2.28243
70,100,2.28294
75,100,2.28379
80,100,2.28498
85,100,2.28648
90,100,2.28823
95,100,2.29015
100,100,2.29217
105,100,2.29418
110,100,2.2961
115,100,2.29784
120,100,2.29932
125,100,2.3005
130,100,2.30132
135,100,2.30176
140,100,2.30182
145,100,2.30151
150,100,2.30085
155,100,2.29987
160,100,2.29861
165,100,2.29713
170,100,2.29546
175,100,2.29368
180,100,2.29182
185,100,2.28995
190,100,2.28812
195,100,2.28637
200,100,2.28474
205,100,2.28328
210,100,2.28203
215,100,2.28101
220,100,2.28025
225,100,2.27978
230,100,2.27962
235,100,2.27977
240,100,2.28024
245,100,2.28103
250,100,2.28212
255,100,2.28346
260,100,2.28502
265,100,2.28674
270,100,2.28854
275,100,2.29034
280,100,2.29207
285,100,2.29365
290,100,2.29502
295,100,2.29612
300,100,2.29692
305,100,2.29741
310,100,2.29758
315,100,2.29748
320,100,2.29712
325,100,2.29655
330,100,2.29584
335,100,2.29502
340,100,2.29413
345,100,2.29323
350,100,2.29233
355,100,2.29145
360,100,2.2906
0,105,2.04545
5,105,2.04459
10,105,2.04379
15,105,2.04305
20,105,2.04236
25,105,2.04171
30,105,2.0411
35,105,2.04055
40,105,2.04008
45,105,2.03973
50,105,2.03953
55,105,2.03954
60,105,2.03979
65,105,2.04034
70,105,2.04119
75,105,2.04237
80,105,2.04385
85,105,2.04561
90,105,2.04758
95,105,2.0497
100,105,2.05189
105,105,2.05406
110,105,2.05611
115,105,2.05797
120,105,2.05956
125,105,2.06084
130,105,2.06174
135,105,2.06226
140,105,2.06239
145,105,2.06214
150,105,2.06152
155,105,2.06058
160,105,2.05936
165,105,2.05791
170,105,2.05628
175,105,2.05453
180,105,2.05272
185,105,2.0509
190,105,2.04912
195,105,2.04744
200,105,2.04589
205,105,2.04452
210,105,2.04336
215,105,2.04244
220,105,2.04179
225,105,2.04142
230,105,2.04134
235,105,2.04156
240,105,2.04208
245,105,2.04287
250,105,2.0439
255,105,2.04514
260,105,2.04653
265,105,2.04802
270,105,2.04953
275,105,2.05098
280,105,2.05232
285,105,2.05346
290,105,2.05437
295,105,2.05499
300,105,2.05532
305,105,2.05534
310,105,2.05507
315,105,2.05453
320,105,2.05378
325,105,2.05286
330,105,2.05182
335,105,2.05071
340,105,2.04957
345,105,2.04846
350,105,2.04739
355,105,2.04638
360,105,2.04545
0,110,1.70354
5,110,1.70265
10,110,1.70188
15,110,1.70123
20,110,1.70068
25,110,1.70023
30,110,1.69988
35,110,1.69964
40,110,1.69952
45,110,1.69956
50,110,1.69976
55,110,1.70018
60,110,1.70084
65,110,1.70176
70,110,1.70297
75,110,1.70446
80,110,1.70621
85,110,1.70819
90,110,1.71036
95,110,1.71263
100,110,1.71494
105,110,1.71721
110,110,1.71935
115,110,1.72129
120,110,1.72295
125,110,1.72429
130,110,1.72526
135,110,1.72584
140,110,1.72603
145,110,1.72583
150,110,1.72527
155,110,1.72439
160,110,1.72322
165,110,1.72182
170,110,1.72025
175,110,1.71856
180,110,1.71681
185,110,1.71506
190,110,1.71336
195,110,1.71176
200,110,1.71031
205,110,1.70904
210,110,1.70798
215,110,1.70718
220,110,1.70663
225,110,1.70636
230,110,1.70637
235,110,1.70665
240,110,1.70719
245,110,1.70796
250,110,1.70893
255,110,1.71005
260,110,1.71126
265,110,1.71249
270,110,1.71369
275,110,1.71478
280,110,1.71571
285,110,1.71642
290,110,1.71686
295,110,1.71701
300,110,1.71686
305,110,1.71642
310,110,1.71572
315,110,1.71477
320,110,1.71364
325,110,1.71236
330,110,1.71101
335,110,1.70962
340,110,1.70824
345,110,1.70692
350,110,1.70568
355,110,1.70455
360,110,1.70354
0,115,1.26392
5,115,1.26301
10,115,1.26228
15,115,1.26171
20,115,1.26132
25,115,1.26108
30,115,1.26101
35,115,1.26109
40,115,1.26134
45,115,1.26176
50,115,1.26238
55,115,1.26321
60,115,1.26427
65,115,1.26557
70,115,1.26711
75,115,1.26889
80,115,1.27089
85,115,1.27307
90,115,1.27539
95,115,1.27778
100,115,1.28017
105,115,1.2825
110,115,1.28469
115,115,1.28666
120,115,1.28836
125,115,1.28974
130,115,1.29076
135,115,1.29139
140,115,1.29163
145,115,1.2915
150,115,1.29101
155,115,1.29019
160,115,1.28909
165,115,1.28777
170,115,1.28627
175,115,1.28466
180,115,1.283
185,115,1.28134
190,115,1.27973
195,115,1.27822
200,115,1.27687
205,115,1.2757
210,115,1.27476
215,115,1.27405
220,115,1.2736
225,115,1.27341
230,115,1.27349
235,115,1.27381
240,115,1.27435
245,115,1.27509
250,115,1.27596
255,115,1.27694
260,115,1.27794
265,115,1.27892
270,115,1.27981
275,115,1.28054
280,115,1.28107
285,115,1.28135
290,115,1.28135
295,115,1.28106
300,115,1.28047
305,115,1.2796
310,115,1.27848
315,115,1.27716
320,115,1.27567
325,115,1.27407
330,115,1.27242
335,115,1.27076
340,115,1.26916
345,115,1.26764
350,115,1.26625
355,115,1.265
360,115,1.26392
0,120,0.724694
5,120,0.72377
10,120,0.723074
15,120,0.722606
20,120,0.722363
25,120,0.72234
30,120,0.722529
35,120,0.722927
40,120,0.723529
45,120,0.724337
50,120,0.725351
55,120,0.726576
60,120,0.728013
65,120,0.729662
70,120,0.731517
75,120,0.733563
80,120,0.735777
85,120,0.738124
90,120,0.740559
95,120,0.743029
100,120,0.745474
105,120,0.747829
110,120,0.750031
115,120,0.752016
120,120,0.75373
125,120,0.755129
130,120,0.756177
135,120,0.756854
140,120,0.757155
145,120,0.757087
150,120,0.75667
155,120,0.755938
160,120,0.754932
165,120,0.753703
170,120,0.752305
175,120,0.750795
180,120,0.749232
185,120,0.747671
190,120,0.746166
195,120,0.744766
200,120,0.743513
205,120,0.742445
210,120,0.74159
215,120,0.740969
220,120,0.740593
225,120,0.740464
230,120,0.740574
235,120,0.740901
240,120,0.741417
245,120,0.742082
250,120,0.742846
255,120,0.743654
260,120,0.744446
265,120,0.745163
270,120,0.745744
275,120,0.746136
280,120,0.746295
285,120,0.746186
290,120,0.74579
295,120,0.745098
300,120,0.744119
305,120,0.742875
310,120,0.741399
315,120,0.739734
320,120,0.737931
325,120,0.736044
330,120,0.734129
335,120,0.732239
340,120,0.730424
345,120,0.728729
350,120,0.727191
355,120,0.725839
360,120,0.724694
0,125,0.0824588
5,125,0.0815235
10,125,0.0808643
15,125,0.0804853
20,125,0.080385
25,125,0.080557
30,125,0.080992
35,125,0.0816787
40,125,0.0826056
45,125,0.0837613
50,125,0.0851352
55,125,0.0867167
60,125,0.0884951
65,125,0.0904574
70,125,0.0925876
75,125,0.0948646
80,125,0.0972613
85,125,0.0997435
90,125,0.10227
95,125,0.104794
100,125,0.107264
105,125,0.109624
110,125,0.111819
115,125,0.113797
120,125,0.115509
125,125,0.116916
130,125,0.117989
135,125,0.118707
140,125,0.119065
145,125,0.11907
150,125,0.11874
155,125,0.118106
160,125,0.117206
165,125,0.116089
170,125,0.114807
175,125,0.113414
180,125,0.111966
185,125,0.110519
190,125,0.109124
195,125,0.107828
200,125,0.106673
205,125,0.105693
210,125,0.104915
215,125,0.104356
220,125,0.104026
225,125,0.103921
230,125,0.10403
235,125,0.104327
240,125,0.104779
245,125,0.105343
250,125,0.105968
255,125,0.106597
260,125,0.107172
265,125,0.107634
270,125,0.107931
275,125,0.108015
280,125,0.107847
285,125,0.107402
290,125,0.106665
295,125,0.105638
300,125,0.104332
305,125,0.102774
310,125,0.101
315,125,0.0990541
320,125,0.0969882
325,125,0.0948571
330,125,0.0927166
335,125,0.0906218
340,125,0.0886246
345,125,0.0867722
350,125,0.0851057
355,125,0.0836591
360,125,0.0824588
0,130,-0.66851
5,130,-0.669456
10,130,-0.670084
15,130,-0.670387
20,130,-0.670364
25,130,-0.670024
30,130,-0.669379
35,130,-0.668444
40,130,-0.667239
45,130,-0.665786
50,130,-0.664105
55,130,-0.66222
60,130,-0.660153
65,130,-0.657927
70,130,-0.655566
75,130,-0.653098
80,130,-0.650553
85,130,-0.647964
90,130,-0.645369
95,130,-0.642811
100,130,-0.640332
105,130,-0.63798
110,130,-0.635801
115,130,-0.633839
120,130,-0.632135
125,130,-0.630723
130,130,-0.629629
135,130,-0.62887
140,130,-0.628451
145,130,-0.628367
150,130,-0.628601
155,130,-0.629126
160,130,-0.629906
165,130,-0.630897
170,130,-0.63205
175,130,-0.633313
180,130,-0.634634
185,130,-0.63596
190,130,-0.637243
195,130,-0.638437
200,130,-0.639503
205,130,-0.64041
210,130,-0.641131
215,130,-0.641653
220,130,-0.641969
225,130,-0.642083
230,130,-0.642012
235,130,-0.64178
240,130,-0.641425
245,130,-0.640989
250,130,-0.640523
255,130,-0.640083
260,130,-0.639723
265,130,-0.639498
270,130,-0.639456
275,130,-0.639641
280,130,-0.640084
285,130,-0.640806
290,130,-0.641816
295,130,-0.64311
300,130,-0.644672
305,130,-0.646474
310,130,-0.64848
315,130,-0.650645
320,130,-0.652917
325,130,-0.655242
330,130,-0.657564
335,130,-0.659826
340,130,-0.661975
345,130,-0.663959
350,130,-0.665734
355,130,-0.667262
360,130,-0.66851
0,135,-1.53748
5,135,-1.53843
10,135,-1.53904
15,135,-1.53928
20,135,-1.53917
25,135,-1.53869
30,135,-1.53788
35,135,-1.53675
40,135,-1.53533
45,135,-1.53364
50,135,-1.53171
55,135,-1.52959
60,135,-1.52729
65,135,-1.52486
70,135,-1.52231
75,135,-1.5197
80,135,-1.51704
85,135,-1.51437
90,135,-1.51172
95,135,-1.50914
100,135,-1.50666
105,135,-1.50432
110,135,-1.50216
115,135,-1.50021
120,135,-1.49851
125,135,-1.4971
130,135,-1.49598
135,135,-1.49517
140,135,-1.49469
145,135,-1.49452
150,135,-1.49465
155,135,-1.49505
160,135,-1.49571
165,135,-1.49656
170,135,-1.49757
175,135,-1.4987
180,135,-1.49989
185,135,-1.50109
190,135,-1.50226
195,135,-1.50336
200,135,-1.50435
205,135,-1.5052
210,135,-1.50588
215,135,-1.50639
220,135,-1.50672
225,135,-1.50688
230,135,-1.50687
235,135,-1.50674
240,135,-1.50651
245,135,-1.50622
250,135,-1.50593
255,135,-1.50568
260,135,-1.50552
265,135,-1.50551
270,135,-1.5057
275,135,-1.50611
280,135,-1.50677
285,135,-1.50771
290,135,-1.50893
295,135,-1.51042
300,135,-1.51217
305,135,-1.51415
310,135,-1.51632
315,135,-1.51864
320,135,-1.52106
325,135,-1.52353
330,135,-1.52599
335,135,-1.52838
340,135,-1.53064
345,135,-1.53273
350,135,-1.53459
355,135,-1.53619
360,135,-1.53748
0,140,-2.53911
5,140,-2.54008
10,140,-2.54068
15,140,-2.54088
20,140,-2.5407
25,140,-2.54014
30,140,-2.53921
35,140,-2.53794
40,140,-2.53636
45,140,-2.5345
50,140,-2.5324
55,140,-2.5301
60,140,-2.52763
65,140,-2.52504
70,140,-2.52237
75,140,-2.51964
80,140,-2.51689
85,140,-2.51416
90,140,-2.51147
95,140,-2.50887
100,140,-2.50639
105,140,-2.50406
110,140,-2.5019
115,140,-2.49996
120,140,-2.49826
125,140,-2.49683
130,140,-2.49568
135,140,-2.49482
140,140,-2.49426
145,140,-2.494
150,140,-2.49402
155,140,-2.4943
160,140,-2.49481
165,140,-2.49552
170,140,-2.49639
175,140,-2.49738
180,140,-2.49843
185,140,-2.49951
190,140,-2.50058
195,140,-2.50159
200,140,-2.50251
205,140,-2.50331
210,140,-2.50398
215,140,-2.5045
220,140,-2.50487
225,140,-2.50509
230,140,-2.50518
235,140,-2.50517
240,140,-2.50508
245,140,-2.50495
250,140,-2.50483
255,140,-2.50477
260,140,-2.50481
265,140,-2.505
270,140,-2.50538
275,140,-2.50597
280,140,-2.50681
285,140,-2.50792
290,140,-2.50929
295,140,-2.51092
300,140,-2.51279
305,140,-2.51489
310,140,-2.51717
315,140,-2.51959
320,140,-2.52212
325,140,-2.52468
330,140,-2.52723
335,140,-2.52971
340,140,-2.53205
345,140,-2.53422
350,140,-2.53615
355,140,-2.53779
360,140,-2.53911
0,145,-3.69655
5,145,-3.69753
10,145,-3.69812
15,145,-3.69831
20,145,-3.6981
25,145,-3.69748
30,145,-3.69648
35,145,-3.69513
40,145,-3.69345
45,145,-3.69148
50,145,-3.68926
55,145,-3.68684
60,145,-3.68427
65,145,-3.68157
70,145,-3.67879
75,145,-3.67598
80,145,-3.67316
85,145,-3.67038
90,145,-3.66766
95,145,-3.66503
100,145,-3.66253
105,145,-3.66019
110,145,-3.65803
115,145,-3.65607
120,145,-3.65435
125,145,-3.65289
130,145,-3.65168
135,145,-3.65076
140,145,-3.65012
145,145,-3.64975
150,145,-3.64966
155,145,-3.64981
160,145,-3.65018
165,145,-3.65074
170,145,-3.65147
175,145,-3.65231
180,145,-3.65323
185,145,-3.65419
190,145,-3.65516
195,145,-3.65609
200,145,-3.65695
205,145,-3.65773
210,145,-3.6584
215,145,-3.65894
220,145,-3.65937
225,145,-3.65968
230,145,-3.65988
235,145,-3.66
240,145,-3.66006
245,145,-3.66011
250,145,-3.66017
255,145,-3.66029
260,145,-3.66052
265,145,-3.66089
270,145,-3.66143
275,145,-3.66219
280,145,-3.66317
285,145,-3.6644
290,145,-3.66589
295,145,-3.66761
300,145,-3.66958
305,145,-3.67175
310,145,-3.6741
315,145,-3.67658
320,145,-3.67916
325,145,-3.68178
330,145,-3.68439
335,145,-3.68692
340,145,-3.68933
345,145,-3.69154
350,145,-3.69351
355,145,-3.6952
360,145,-3.69655
0,150,-5.04665
5,150,-5.04765
10,150,-5.04825
15,150,-5.04845
20,150,-5.04822
25,150,-5.04759
30,150,-5.04656
35,150,-5.04516
40,150,-5.04343
45,150,-5.0414
50,150,-5.03911
55,150,-5.03662
60,150,-5.03396
65,150,-5.03119
70,150,-5.02833
75,150,-5.02545
80,150,-5.02256
85,150,-5.01972
90,150,-5.01694
95,150,-5.01427
100,150,-5.01172
105,150,-5.00934
110,150,-5.00713
115,150,-5.00514
120,150,-5.00336
125,150,-5.00183
130,150,-5.00056
135,150,-4.99955
140,150,-4.9988
145,150,-4.99832
150,150,-4.99809
155,150,-4.9981
160,150,-4.99833
165,150,-4.99875
170,150,-4.99932
175,150,-5.00003
180,150,-5.00082
185,150,-5.00167
190,150,-5.00254
195,150,-5.00339
200,150,-5.00422
205,150,-5.00498
210,150,-5.00566
215,150,-5.00625
220,150,-5.00675
225,150,-5.00715
230,150,-5.00748
235,150,-5.00775
240,150,-5.00798
245,150,-5.0082
250,150,-5.00845
255,150,-5.00876
260,150,-5.00918
265,150,-5.00972
270,150,-5.01043
275,150,-5.01134
280,150,-5.01246
285,150,-5.01381
290,150,-5.01539
295,150,-5.0172
300,150,-5.01923
305,150,-5.02146
310,150,-5.02386
315,150,-5.02639
320,150,-5.02901
325,150,-5.03167
330,150,-5.03431
335,150,-5.03688
340,150,-5.03931
345,150,-5.04156
350,150,-5.04356
355,150,-5.04527
360,150,-5.04665
0,155,-6.6501
5,155,-6.65113
10,155,-6.65175
15,155,-6.65196
20,155,-6.65175
25,155,-6.65112
30,155,-6.65008
35,155,-6.64867
40,155,-6.64691
45,155,-6.64484
50,155,-6.64251
55,155,-6.63995
60,155,-6.63722
65,155,-6.63437
70,155,-6.63143
75,155,-6.62844
80,155,-6.62546
85,155,-6.62252
90,155,-6.61964
95,155,-6.61687
100,155,-6.61423
105,155,-6.61174
110,155,-6.60944
115,155,-6.60734
120,155,-6.60547
125,155,-6.60382
130,155,-6.60243
135,155,-6.60129
140,155,-6.60041
145,155,-6.59978
150,155,-6.5994
155,155,-6.59926
160,155,-6.59932
165,155,-6.59958
170,155,-6.60001
175,155,-6.60057
180,155,-6.60123
185,155,-6.60197
190,155,-6.60275
195,155,-6.60355
200,155,-6.60434
205,155,-6.6051
210,155,-6.60581
215,155,-6.60646
220,155,-6.60705
225,155,-6.60757
230,155,-6.60805
235,155,-6.60848
240,155,-6.6089
245,155,-6.60932
250,155,-6.60978
255,155,-6.6103
260,155,-6.61092
265,155,-6.61167
270,155,-6.61257
275,155,-6.61365
280,155,-6.61493
285,155,-6.61642
290,155,-6.61813
295,155,-6.62005
300,155,-6.62217
305,155,-6.62448
310,155,-6.62695
315,155,-6.62954
320,155,-6.6322
325,155,-6.6349
330,155,-6.63758
335,155,-6.64019
340,155,-6.64265
345,155,-6.64493
350,155,-6.64697
355,155,-6.6487
360,155,-6.6501
0,160,-8.61269
5,160,-8.61375
10,160,-8.61441
15,160,-8.61464
20,160,-8.61444
25,160,-8.61381
30,160,-8.61277
35,160,-8.61134
40,160,-8.60954
45,160,-8.60742
50,160,-8.60501
55,160,-8.60237
60,160,-8.59952
65,160,-8.59653
70,160,-8.59344
75,160,-8.59029
80,160,-8.58713
85,160,-8.584
90,160,-8.58093
95,160,-8.57795
100,160,-8.57511
105,160,-8.57242
110,160,-8.56991
115,160,-8.56761
120,160,-8.56552
125,160,-8.56368
130,160,-8.56208
135,160,-8.56074
140,160,-8.55965
145,160,-8.55882
150,160,-8.55824
155,160,-8.55789
160,160,-8.55777
165,160,-8.55784
170,160,-8.5581
175,160,-8.5585
180,160,-8.55903
185,160,-8.55967
190,160,-8.56037
195,160,-8.56111
200,160,-8.56188
205,160,-8.56266
210,160,-8.56342
215,160,-8.56416
220,160,-8.56487
225,160,-8.56555
230,160,-8.56621
235,160,-8.56686
240,160,-8.56751
245,160,-8.56819
250,160,-8.56892
255,160,-8.56971
260,160,-8.57061
265,160,-8.57163
270,160,-8.5728
275,160,-8.57414
280,160,-8.57566
285,160,-8.57738
290,160,-8.5793
295,160,-8.58142
300,160,-8.58372
305,160,-8.58618
310,160,-8.58879
315,160,-8.5915
320,160,-8.59428
325,160,-8.59708
330,160,-8.59984
335,160,-8.60252
340,160,-8.60505
345,160,-8.60739
350,160,-8.60947
355,160,-8.61125
360,160,-8.61269
0,165,-11.1377
5,165,-11.1388
10,165,-11.1395
15,165,-11.1398
20,165,-11.1396
25,165,-11.1389
30,165,-11.1378
35,165,-11.1363
40,165,-11.1344
45,165,-11.1321
50,165,-11.1295
55,165,-11.1267
60,165,-11.1236
65,165,-11.1203
70,165,-11.1169
75,165,-11.1134
80,165,-11.1098
85,165,-11.1063
90,165,-11.1028
95,165,-11.0994
100,165,-11.0962
105,165,-11.0931
110,165,-11.0901
115,165,-11.0874
120,165,-11.0849
125,165,-11.0827
130,165,-11.0807
135,165,-11.079
140,165,-11.0775
145,165,-11.0763
150,165,-11.0754
155,165,-11.0748
160,165,-11.0744
165,165,-11.0742
170,165,-11.0742
175,165,-11.0744
180,165,-11.0748
185,165,-11.0753
190,165,-11.0759
195,165,-11.0766
200,165,-11.0774
205,165,-11.0783
210,165,-11.0791
215,165,-11.08
220,165,-11.0809
225,165,-11.0818
230,165,-11.0828
235,165,-11.0838
240,165,-11.0848
245,165,-11.0859
250,165,-11.087
255,165,-11.0883
260,165,-11.0896
265,165,-11.0911
270,165,-11.0927
275,165,-11.0945
280,165,-11.0965
285,165,-11.0986
290,165,-11.101
295,165,-11.1035
300,165,-11.1062
305,165,-11.109
310,165,-11.1119
315,165,-11.1149
320,165,-11.118
325,165,-11.121
330,165,-11.124
335,165,-11.1269
340,165,-11.1296
345,165,-11.1321
350,165,-11.1343
355,165,-11.1362
360,165,-11.1377
0,170,-14.6881
5,170,-14.6894
10,170,-14.6902
15,170,-14.6904
20,170,-14.6902
25,170,-14.6894
30,170,-14.6881
35,170,-14.6863
40,170,-14.684
45,170,-14.6813
50,170,-14.6782
55,170,-14.6747
60,170,-14.671
65,170,-14.667
70,170,-14.6628
75,170,-14.6584
80,170,-14.654
85,170,-14.6495
90,170,-14.6451
95,170,-14.6407
100,170,-14.6365
105,170,-14.6324
110,170,-14.6285
115,170,-14.6248
120,170,-14.6214
125,170,-14.6182
130,170,-14.6154
135,170,-14.6128
140,170,-14.6106
145,170,-14.6087
150,170,-14.6071
155,170,-14.6059
160,170,-14.6049
165,170,-14.6043
170,170,-14.6039
175,170,-14.6037
180,170,-14.6038
185,170,-14.6042
190,170,-14.6047
195,170,-14.6054
200,170,-14.6062
205,170,-14.6072
210,170,-14.6083
215,170,-14.6096
220,170,-14.6109
225,170,-14.6124
230,170,-14.6139
235,170,-14.6155
240,170,-14.6173
245,170,-14.6192
250,170,-14.6212
255,170,-14.6233
260,170,-14.6256
265,170,-14.628
270,170,-14.6307
275,170,-14.6335
280,170,-14.6364
285,170,-14.6396
290,170,-14.6429
295,170,-14.6463
300,170,-14.6499
305,170,-14.6536
310,170,-14.6574
315,170,-14.6612
320,170,-14.6649
325,170,-14.6686
330,170,-14.6722
335,170,-14.6756
340,170,-14.6788
345,170,-14.6817
350,170,-14.6842
355,170,-14.6864
360,170,-14.6881
0,175,-20.7564
5,175,-20.7581
10,175,-20.7591
15,175,-20.7593
20,175,-20.7587
25,175,-20.7572
30,175,-20.7551
35,175,-20.7521
40,175,-20.7484
45,175,-20.744
50,175,-20.739
55,175,-20.7334
60,175,-20.7273
65,175,-20.7208
70,175,-20.7139
75,175,-20.7067
80,175,-20.6993
85,175,-20.6917
90,175,-20.6841
95,175,-20.6766
100,175,-20.6691
105,175,-20.6618
110,175,-20.6547
115,175,-20.6479
120,175,-20.6414
125,175,-20.6353
130,175,-20.6297
135,175,-20.6245
140,175,-20.6197
145,175,-20.6155
150,175,-20.6118
155,175,-20.6086
160,175,-20.6059
165,175,-20.6038
170,175,-20.6022
175,175,-20.6011
180,175,-20.6004
185,175,-20.6003
190,175,-20.6006
195,175,-20.6014
200,175,-20.6026
205,175,-20.6042
210,175,-20.6062
215,175,-20.6085
220,175,-20.6113
225,175,-20.6144
230,175,-20.6178
235,175,-20.6215
240,175,-20.6256
245,175,-20.63
250,175,-20.6347
255,175,-20.6396
260,175,-20.6449
265,175,-20.6504
270,175,-20.6562
275,175,-20.6621
280,175,-20.6683
285,175,-20.6747
290,175,-20.6812
295,175,-20.6878
300,175,-20.6945
305,175,-20.7011
310,175,-20.7077
315,175,-20.7142
320,175,-20.7205
325,175,-20.7266
330,175,-20.7323
335,175,-20.7377
340,175,-20.7426
345,175,-20.747
350,175,-20.7508
355,175,-20.7539
360,175,-20.7564
0,180,-59.7328
5,180,-59.7328
10,180,-59.7328
15,180,-59.7328
20,180,-59.7328
25,180,-59.7328
30,180,-59.7328
35,180,-59.7328
40,180,-59.7328
45,180,-59.7328
50,180,-59.7328
55,180,-59.7328
60,180,-59.7328
65,180,-59.7328
70,180,-59.7328
75,180,-59.7328
80,180,-59.7328
85,180,-59.7328
90,180,-59.7328
95,180,-59.7328
100,180,-59.7328
105,180,-59.7328
110,180,-59.7328
115,180,-59.7328
120,180,-59.7328
125,180,-59.7328
130,180,-59.7328
135,180,-59.7328
140,180,-59.7328
145,180,-59.7328
150,180,-59.7328
155,180,-59.7328
160,180,-59.7328
165,180,-59.7328
170,180,-59.7328
175,180,-59.7328
180,180,-59.7328
185,180,-59.7328
190,180,-59.7328
195,180,-59.7328
200,180,-59.7328
205,180,-59.7328
210,180,-59.7328
215,180,-59.7328
220,180,-59.7328
225,180,-59.7328
230,180,-59.7328
235,180,-59.7328
240,180,-59.7328
245,180,-59.7328
250,180,-59.7328
255,180,-59.7328
260,180,-59.7328
265,180,-59.7328
270,180,-59.7328
275,180,-59.7328
280,180,-59.7328
285,180,-59.7328
290,180,-59.7328
295,180,-59.7328
300,180,-59.7328
305,180,-59.7328
310,180,-59.7328
315,180,-59.7328
320,180,-59.7328
325,180,-59.7328
330,180,-59.7328
335,180,-59.7328
340,180,-59.7328
345,180,-59.7328
350,180,-59.7328
355,180,-59.7328
360,180,-59.7328
0,185,-20.6004
5,185,-20.6003
10,185,-20.6006
15,185,-20.6014
20,185,-20.6026
25,185,-20.6042
30,185,-20.6062
35,185,-20.6085
40,185,-20.6113
45,185,-20.6144
50,185,-20.6178
55,185,-20.6215
60,185,-20.6256
65,185,-20.63
70,185,-20.6347
75,185,-20.6396
80,185,-20.6449
85,185,-20.6504
90,185,-20.6562
95,185,-20.6621
100,185,-20.6683
105,185,-20.6747
110,185,-20.6812
115,185,-20.6878
120,185,-20.6945
125,185,-20.7011
130,185,-20.7077
135,185,-20.7142
140,185,-20.7205
145,185,-20.7266
150,185,-20.7323
155,185,-20.7377
160,185,-20.7426
165,185,-20.747
170,185,-20.7508
175,185,-20.7539
180,185,-20.7564
185,185,-20.7581
190,185,-20.7591
195,185,-20.7593
200,185,-20.7587
205,185,-20.7572
210,185,-20.7551
215,185,-20.7521
220,185,-20.7484
225,185,-20.744
230,185,-20.739
235,185,-20.7334
240,185,-20.7273
245,185,-20.7208
250,185,-20.7139
255,185,-20.7067
260,185,-20.6993
265,185,-20.6917
270,185,-20.6841
275,185,-20.6766
280,185,-20.6691
285,185,-20.6618
290,185,-20.6547
295,185,-20.6479
300,185,-20.6414
305,185,-20.6353
310,185,-20.6297
315,185,-20.6245
320,185,-20.6197
325,185,-20.6155
330,185,-20.6118
335,185,-20.6086
340,185,-20.6059
345,185,-20.6038
350,185,-20.6022
355,185,-20.6011
360,185,-20.6004
0,190,-14.6038
5,190,-14.6042
10,190,-14.6047
15,190,-14.6054
20,190,-14.6062
25,190,-14.6072
30,190,-14.6083
35,190,-14.6096
40,190,-14.6109
45,190,-14.6124
50,190,-14.6139
55,190,-14.6155
60,190,-14.6173
65,190,-14.6192
70,190,-14.6212
75,190,-14.6233
80,190,-14.6256
85,190,-14.628
90,190,-14.6307
95,190,-14.6335
100,190,-14.6364
105,190,-14.6396
110,190,-14.6429
115,190,-14.6463
120,190,-14.6499
125,190,-14.6536
130,190,-14.6574
135,190,-14.6612
140,190,-14.6649
145,190,-14.6686
150,190,-14.6722
155,190,-14.6756
160,190,-14.6788
165,190,-14.6817
170,190,-14.6842
175,190,-14.6864
180,190,-14.6881
185,190,-14.6894
190,190,-14.6902
195,190,-14.6904
200,190,-14.6902
205,190,-14.6894
210,190,-14.6881
215,190,-14.6863
220,190,-14.684
225,190,-14.6813
230,190,-14.6782
235,190,-14.6747
240,190,-14.671
245,190,-14.667
250,190,-14.6628
255,190,-14.6584
260,190,-14.654
265,190,-14.6495
270,190,-14.6451
275,190,-14.6407
280,190,-14.6365
285,190,-14.6324
290,190,-14.6285
295,190,-14.6248
300,190,-14.6214
305,190,-14.6182
310,190,-14.6154
315,190,-14.6128
320,190,-14.6106
325,190,-14.6087
330,190,-14.6071
335,190,-14.6059
340,190,-14.6049
345,190,-14.6043
350,190,-14.6039
355,190,-14.6037
360,190,-14.6038
0,195,-11.0748
5,195,-11.0753
10,195,-11.0759
15,195,-11.0766
20,195,-11.0774
25,195,-11.0783
30,195,-11.0791
35,195,-11.08
40,195,-11.0809
45,195,-11.0818
50,195,-11.0828
55,195,-11.0838
60,195,-11.0848
65,195,-11.0859
70,195,-11.087
75,195,-11.0883
80,195,-11.0896
85,195,-11.0911
90,195,-11.0927
95,195,-11.0945
100,195,-11.0965
105,195,-11.0986
110,195,-11.101
115,195,-11.1035
120,195,-11.1062
125,195,-11.109
130,195,-11.1119
135,195,-11.1149
140,195,-11.118
145,195,-11.121
150,195,-11.124
155,195,-11.1269
160,195,-11.1296
165,195,-11.1321
170,195,-11.1343
175,195,-11.1362
180,195,-11.1377
185,195,-11.1388
190,195,-11.1395
195,195,-11.1398
200,195,-11.1396
205,195,-11.1389
210,195,-11.1378
215,195,-11.1363
220,195,-11.1344
225,195,-11.1321
230,195,-11.1295
235,195,-11.1267
240,195,-11.1236
245,195,-11.1203
250,195,-11.1169
255,195,-11.1134
260,195,-11.1098
265,195,-11.1063
270,195,-11.1028
275,195,-11.0994
280,195,-11.0962
285,195,-11.0931
290,195,-11.0901
295,195,-11.0874
300,195,-11.0849
305,195,-11.0827
310,195,-11.0807
315,195,-11.079
320,195,-11.0775
325,195,-11.0763
330,195,-11.0754
335,195,-11.0748
340,195,-11.0744
345,195,-11.0742
350,195,-11.0742
355,195,-11.0744
360,195,-11.0748
0,200,-8.55903
5,200,-8.55967
10,200,-8.56037
15,200,-8.56111
20,200,-8.56188
25,200,-8.56266
30,200,-8.56342
35,200,-8.56416
40,200,-8.56487
45,200,-8.56555
50,200,-8.56621
55,200,-8.56686
60,200,-8.56751
65,200,-8.56819
70,200,-8.56892
75,200,-8.56971
80,200,-8.57061
85,200,-8.57163
90,200,-8.5728
95,200,-8.57414
100,200,-8.57566
105,200,-8.57738
110,200,-8.5793
115,200,-8.58142
120,200,-8.58372
125,200,-8.58618
130,200,-8.58879
135,200,-8.5915
140,200,-8.59428
145,200,-8.59708
150,200,-8.59984
155,200,-8.60252
160,200,-8.60505
165,200,-8.60739
170,200,-8.60947
175,200,-8.61125
180,200,-8.61269
185,200,-8.61375
190,200,-8.61441
195,200,-8.61464
200,200,-8.61444
205,200,-8.61381
210,200,-8.61277
215,200,-8.61134
220,200,-8.60954
225,200,-8.60742
230,200,-8.60501
235,200,-8.60237
240,200,-8.59952
245,200,-8.59653
250,200,-8.59344
255,200,-8.59029
260,200,-8.58713
265,200,-8.584
270,200,-8.58093
275,200,-8.57795
280,200,-8.57511
285,200,-8.57242
290,200,-8.56991
295,200,-8.56761
300,200,-8.56552
305,200,-8.56368
310,200,-8.56208
315,200,-8.56074
320,200,-8.55965
325,200,-8.55882
330,200,-8.55824
335,200,-8.55789
340,200,-8.55777
345,200,-8.55784
350,200,-8.5581
355,200,-8.5585
360,200,-8.55903
0,205,-6.60123
5,205,-6.60197
10,205,-6.60275
15,205,-6.60355
20,205,-6.60434
25,205,-6.6051
30,205,-6.60581
35,205,-6.60646
40,205,-6.60705
45,205,-6.60757
50,205,-6.60805
55,205,-6.60848
60,205,-6.6089
65,205,-6.60932
70,205,-6.60978
75,205,-6.6103
80,205,-6.61092
85,205,-6.61167
90,205,-6.61257
95,205,-6.61365
100,205,-6.61493
105,205,-6.61642
110,205,-6.61813
115,205,-6.62005
120,205,-6.62217
125,205,-6.62448
130,205,-6.62695
135,205,-6.62954
140,205,-6.6322
145,205,-6.6349
150,205,-6.63758
155,205,-6.64019
160,205,-6.64265
165,205,-6.64493
170,205,-6.64697
175,205,-6.6487
180,205,-6.6501
185,205,-6.65113
190,205,-6.65175
195,205,-6.65196
200,205,-6.65175
205,205,-6.65112
210,205,-6.65008
215,205,-6.64867
220,205,-6.64691
225,205,-6.64484
230,205,-6.64251
235,205,-6.63995
240,205,-6.63722
245,205,-6.63437
250,205,-6.63143
255,205,-6.62844
260,205,-6.62546
265,205,-6.62252
270,205,-6.61964
275,205,-6.61687
280,205,-6.61423
285,205,-6.61174
290,205,-6.60944
295,205,-6.60734
300,205,-6.60547
305,205,-6.60382
310,205,-6.60243
315,205,-6.60129
320,205,-6.60041
325,205,-6.59978
330,205,-6.5994
335,205,-6.59926
340,205,-6.59932
345,205,-6.59958
350,205,-6.60001
355,205,-6.60057
360,205,-6.60123
0,210,-5.00082
5,210,-5.00167
10,210,-5.00254
15,210,-5.00339
20,210,-5.00422
25,210,-5.00498
30,210,-5.00566
35,210,-5.00625
40,210,-5.00675
45,210,-5.00715
50,210,-5.00748
55,210,-5.00775
60,210,-5.00798
65,210,-5.0082
70,210,-5.00845
75,210,-5.00876
80,210,-5.00918
85,210,-5.00972
90,210,-5.01043
95,210,-5.01134
100,210,-5.01246
105,210,-5.01381
110,210,-5.01539
115,210,-5.0172
120,210,-5.01923
125,210,-5.02146
130,210,-5.02386
135,210,-5.02639
140,210,-5.02901
145,210,-5.03167
150,210,-5.03431
155,210,-5.03688
160,210,-5.03931
165,210,-5.04156
170,210,-5.04356
175,210,-5.04527
180,210,-5.04665
185,210,-5.04765
190,210,-5.04825
195,210,-5.04845
200,210,-5.04822
205,210,-5.04759
210,210,-5.04656
215,210,-5.04516
220,210,-5.04343
225,210,-5.0414
230,210,-5.03911
235,210,-5.03662
240,210,-5.03396
245,210,-5.03119
250,210,-5.02833
255,210,-5.02545
260,210,-5.02256
265,210,-5.01972
270,210,-5.01694
275,210,-5.01427
280,210,-5.01172
285,210,-5.00934
290,210,-5.00713
295,210,-5.00514
300,210,-5.00336
305,210,-5.00183
310,210,-5.00056
315,210,-4.99955
320,210,-4.9988
325,210,-4.99832
330,210,-4.99809
335,210,-4.9981
340,210,-4.99833
345,210,-4.99875
350,210,-4.99932
355,210,-5.00003
360,210,-5.00082
0,215,-3.65323
5,215,-3.65419
10,215,-3.65516
15,215,-3.65609
20,215,-3.65695
25,215,-3.65773
30,215,-3.6584
35,215,-3.65894
40,215,-3.65937
45,215,-3.65968
50,215,-3.65988
55,215,-3.66
60,215,-3.66006
65,215,-3.66011
70,215,-3.66017
75,215,-3.66029
80,215,-3.66052
85,215,-3.66089
90,215,-3.66143
95,215,-3.66219
100,215,-3.66317
105,215,-3.6644
110,215,-3.66589
115,215,-3.66761
120,215,-3.66958
125,215,-3.67175
130,215,-3.6741
135,215,-3.67658
140,215,-3.67916
145,215,-3.68178
150,215,-3.68439
155,215,-3.68692
160,215,-3.68933
165,215,-3.69154
170,215,-3.69351
175,215,-3.6952
180,215,-3.69655
185,215,-3.69753
190,215,-3.69812
195,215,-3.69831
200,215,-3.6981
205,215,-3.69748
210,215,-3.69648
215,215,-3.69513
220,215,-3.69345
225,215,-3.69148
230,215,-3.68926
235,215,-3.68684
240,215,-3.68427
245,215,-3.68157
250,215,-3.67879
255,215,-3.67598
260,215,-3.67316
265,215,-3.67038
270,215,-3.66766
275,215,-3.66503
280,215,-3.66253
285,215,-3.66019
290,215,-3.65803
295,215,-3.65607
300,215,-3.65435
305,215,-3.65289
310,215,-3.65168
315,215,-3.65076
320,215,-3.65012
325,215,-3.64975
330,215,-3.64966
335,215,-3.64981
340,215,-3.65018
345,215,-3.65074
350,215,-3.65147
355,215,-3.65231
360,215,-3.65323
0,220,-2.49843
5,220,-2.49951
10,220,-2.50058
15,220,-2.50159
20,220,-2.50251
25,220,-2.50331
30,220,-2.50398
35,220,-2.5045
40,220,-2.50487
45,220,-2.50509
50,220,-2.50518
55,220,-2.50517
60,220,-2.50508
65,220,-2.50495
70,220,-2.50483
75,220,-2.50477
80,220,-2.50481
85,220,-2.505
90,220,-2.50538
95,220,-2.50597
100,220,-2.50681
105,220,-2.50792
110,220,-2.50929
115,220,-2.51092
120,220,-2.51279
125,220,-2.51489
130,220,-2.51717
135,220,-2.51959
140,220,-2.52212
145,220,-2.52468
150,220,-2.52723
155,220,-2.52971
160,220,-2.53205
165,220,-2.53422
170,220,-2.53615
175,220,-2.53779
180,220,-2.53911
185,220,-2.54008
190,220,-2.54068
195,220,-2.54088
200,220,-2.5407
205,220,-2.54014
210,220,-2.53921
215,220,-2.53794
220,220,-2.53636
225,220,-2.5345
230,220,-2.5324
235,220,-2.5301
240,220,-2.52763
245,220,-2.52504
250,220,-2.52237
255,220,-2.51964
260,220,-2.51689
265,220,-2.51416
270,220,-2.51147
275,220,-2.50887
280,220,-2.50639
285,220,-2.50406
290,220,-2.5019
295,220,-2.49996
300,220,-2.49826
305,220,-2.49683
310,220,-2.49568
315,220,-2.49482
320,220,-2.49426
325,220,-2.494
330,220,-2.49402
335,220,-2.4943
340,220,-2.49481
345,220,-2.49552
350,220,-2.49639
355,220,-2.49738
360,220,-2.49843
0,225,-1.49989
5,225,-1.50109
10,225,-1.50226
15,225,-1.50336
20,225,-1.50435
25,225,-1.5052
30,225,-1.50588
35,225,-1.50639
40,225,-1.50672
45,225,-1.50688
50,225,-1.50687
55,225,-1.50674
60,225,-1.50651
65,225,-1.50622
70,225,-1.50593
75,225,-1.50568
80,225,-1.50552
85,225,-1.50551
90,225,-1.5057
95,225,-1.50611
100,225,-1.50677
105,225,-1.50771
110,225,-1.50893
115,225,-1.51042
120,225,-1.51217
125,225,-1.51415
130,225,-1.51632
135,225,-1.51864
140,225,-1.52106
145,225,-1.52353
150,225,-1.52599
155,225,-1.52838
160,225,-1.53064
165,225,-1.53273
170,225,-1.53459
175,225,-1.53619
180,225,-1.53748
185,225,-1.53843
190,225,-1.53904
195,225,-1.53928
200,225,-1.53917
205,225,-1.53869
210,225,-1.53788
215,225,-1.53675
220,225,-1.53533
225,225,-1.53364
230,225,-1.53171
235,225,-1.52959
240,225,-1.52729
245,225,-1.52486
250,225,-1.52231
255,225,-1.5197
260,225,-1.51704
265,225,-1.51437
270,225,-1.51172
275,225,-1.50914
280,225,-1.50666
285,225,-1.50432
290,225,-1.50216
295,225,-1.50021
300,225,-1.49851
305,225,-1.4971
310,225,-1.49598
315,225,-1.49517
320,225,-1.49469
325,225,-1.49452
330,225,-1.49465
335,225,-1.49505
340,225,-1.49571
345,225,-1.49656
350,225,-1.49757
355,225,-1.4987
360,225,-1.49989
0,230,-0.634634
5,230,-0.63596
10,230,-0.637243
15,230,-0.638437
20,230,-0.639503
25,230,-0.64041
30,230,-0.641131
35,230,-0.641653
40,230,-0.641969
45,230,-0.642083
50,230,-0.642012
55,230,-0.64178
60,230,-0.641425
65,230,-0.640989
70,230,-0.640523
75,230,-0.640083
80,230,-0.639723
85,230,-0.639498
90,230,-0.639456
95,230,-0.639641
100,230,-0.640084
105,230,-0.640806
110,230,-0.641816
115,230,-0.64311
120,230,-0.644672
125,230,-0.646474
130,230,-0.64848
135,230,-0.650645
140,230,-0.652917
145,230,-0.655242
150,230,-0.657564
155,230,-0.659826
160,230,-0.661975
165,230,-0.663959
170,230,-0.665734
175,230,-0.667262
180,230,-0.66851
185,230,-0.669456
190,230,-0.670084
195,230,-0.670387
200,230,-0.670364
205,230,-0.670024
210,230,-0.669379
215,230,-0.668444
220,230,-0.667239
225,230,-0.665786
230,230,-0.664105
235,230,-0.66222
240,230,-0.660153
245,230,-0.657927
250,230,-0.655566
255,230,-0.653098
260,230,-0.650553
265,230,-0.647964
270,230,-0.645369
275,230,-0.642811
280,230,-0.640332
285,230,-0.63798
290,230,-0.635801
295,230,-0.633839
300,230,-0.632135
305,230,-0.630723
310,230,-0.629629
315,230,-0.62887
320,230,-0.628451
325,230,-0.628367
330,230,-0.628601
335,230,-0.629126
340,230,-0.629906
345,230,-0.630897
350,230,-0.63205
355,230,-0.633313
360,230,-0.634634
0,235,0.111966
5,235,0.110519
10,235,0.109124
15,235,0.107828
20,235,0.106673
25,235,0.105693
30,235,0.104915
35,235,0.104356
40,235,0.104026
45,235,0.103921
50,235,0.10403
55,235,0.104327
60,235,0.104779
65,235,0.105343
70,235,0.105968
75,235,0.106597
80,235,0.107172
85,235,0.107634
90,235,0.107931
95,235,0.108015
100,235,0.107847
105,235,0.107402
110,235,0.106665
115,235,0.105638
120,235,0.104332
125,235,0.102774
130,235,0.101
135,235,0.0990541
140,235,0.0969882
145,235,0.0948571
150,235,0.0927166
155,235,0.0906218
160,235,0.0886246
165,235,0.0867722
170,235,0.0851057
175,235,0.0836591
180,235,0.0824588
185,235,0.0815235
190,235,0.0808643
195,235,0.0804853
200,235,0.080385
205,235,0.080557
210,235,0.080992
215,235,0.0816787
220,235,0.0826056
225,235,0.0837613
230,235,0.0851352
235,235,0.0867167
240,235,0.0884951
245,235,0.0904574
250,235,0.0925876
255,235,0.0948646
260,235,0.0972613
265,235,0.0997435
270,235,0.10227
275,235,0.104794
280,235,0.107264
285,235,0.109624
290,235,0.111819
295,235,0.113797
300,235,0.115509
305,235,0.116916
310,235,0.117989
315,235,0.118707
320,235,0.119065
325,235,0.11907
330,235,0.11874
335,235,0.118106
340,235,0.117206
345,235,0.116089
350,235,0.114807
355,235,0.113414
360,235,0.111966
0,240,0.749232
5,240,0.747671
10,240,0.746166
15,240,0.744766
20,240,0.743513
25,240,0.742445
30,240,0.74159
35,240,0.740969
40,240,0.740593
45,240,0.740464
50,240,0.740574
55,240,0.740901
60,240,0.741417
65,240,0.742082
70,240,0.742846
75,240,0.743654
80,240,0.744446
85,240,0.745163
90,240,0.745744
95,240,0.746136
100,240,0.746295
105,240,0.746186
110,240,0.74579
115,240,0.745098
120,240,0.744119
125,240,0.742875
130,240,0.741399
135,240,0.739734
140,240,0.737931
145,240,0.736044
150,240,0.734129
155,240,0.732239
160,240,0.730424
165,240,0.728729
170,240,0.727191
175,240,0.725839
180,240,0.724694
185,240,0.72377
190,240,0.723074
195,240,0.722606
200,240,0.722363
205,240,0.72234
210,240,0.722529
215,240,0.722927
220,240,0.723529
225,240,0.724337
230,240,0.725351
235,240,0.726576
240,240,0.728013
245,240,0.729662
250,240,0.731517
255,240,0.733563
260,240,0.735777
265,240,0.738124
270,240,0.740559
275,240,0.743029
280,240,0.745474
285,240,0.747829
290,240,0.750031
295,240,0.752016
300,240,0.75373
305,240,0.755129
310,240,0.756177
315,240,0.756854
320,240,0.757155
325,240,0.757087
330,240,0.75667
335,240,0.755938
340,240,0.754932
345,240,0.753703
350,240,0.752305
355,240,0.750795
360,240,0.749232
0,245,1.283
5,245,1.28134
10,245,1.27973
15,245,1.27822
20,245,1.27687
25,245,1.2757
30,245,1.27476
35,245,1.27405
40,245,1.2736
45,245,1.27341
50,245,1.27349
55,245,1.27381
60,245,1.27435
65,245,1.27509
70,245,1.27596
75,245,1.27694
80,245,1.27794
85,245,1.27892
90,245,1.27981
95,245,1.28054
100,245,1.28107
105,245,1.28135
110,245,1.28135
115,245,1.28106
120,245,1.28047
125,245,1.2796
130,245,1.27848
135,245,1.27716
140,245,1.27567
145,245,1.27407
150,245,1.27242
155,245,1.27076
160,245,1.26916
165,245,1.26764
170,245,1.26625
175,245,1.265
180,245,1.26392
185,245,1.26301
190,245,1.26228
195,245,1.26171
200,245,1.26132
205,245,1.26108
210,245,1.26101
215,245,1.26109
220,245,1.26134
225,245,1.26176
230,245,1.26238
235,245,1.26321
240,245,1.26427
245,245,1.26557
250,245,1.26711
255,245,1.26889
260,245,1.27089
265,245,1.27307
270,245,1.27539
275,245,1.27778
280,245,1.28017
285,245,1.2825
290,245,1.28469
295,245,1.28666
300,245,1.28836
305,245,1.28974
310,245,1.29076
315,245,1.29139
320,245,1.29163
325,245,1.2915
330,245,1.29101
335,245,1.29019
340,245,1.28909
345,245,1.28777
350,245,1.28627
355,245,1.28466
360,245,1.283
0,250,1.71681
5,250,1.71506
10,250,1.71336
15,250,1.71176
20,250,1.71031
25,250,1.70904
30,250,1.70798
35,250,1.70718
40,250,1.70663
45,250,1.70636
50,250,1.70637
55,250,1.70665
60,250,1.70719
65,250,1.70796
70,250,1.70893
75,250,1.71005
80,250,1.71126
85,250,1.71249
90,250,1.71369
95,250,1.71478
100,250,1.71571
105,250,1.71642
110,250,1.71686
115,250,1.71701
120,250,1.71686
125,250,1.71642
130,250,1.71572
135,250,1.71477
140,250,1.71364
145,250,1.71236
150,250,1.71101
155,250,1.70962
160,250,1.70824
165,250,1.70692
170,250,1.70568
175,250,1.70455
180,250,1.70354
185,250,1.70265
190,250,1.70188
195,250,1.70123
200,250,1.70068
205,250,1.70023
210,250,1.69988
215,250,1.69964
220,250,1.69952
225,250,1.69956
230,250,1.69976
235,250,1.70018
240,250,1.70084
245,250,1.70176
250,250,1.70297
255,250,1.70446
260,250,1.70621
265,250,1.70819
270,250,1.71036
275,250,1.71263
280,250,1.71494
285,250,1.71721
290,250,1.71935
295,250,1.72129
300,250,1.72295
305,250,1.72429
310,250,1.72526
315,250,1.72584
320,250,1.72603
325,250,1.72583
330,250,1.72527
335,250,1.72439
340,250,1.72322
345,250,1.72182
350,250,1.72025
355,250,1.71856
360,250,1.71681
0,255,2.05272
5,255,2.0509
10,255,2.04912
15,255,2.04744
20,255,2.04589
25,255,2.04452
30,255,2.04336
35,255,2.04244
40,255,2.04179
45,255,2.04142
50,255,2.04134
55,255,2.04156
60,255,2.04208
65,255,2.04287
70,255,2.0439
75,255,2.04514
80,255,2.04653
85,255,2.04802
90,255,2.04953
95,255,2.05098
100,255,2.05232
105,255,2.05346
110,255,2.05437
115,255,2.05499
120,255,2.05532
125,255,2.05534
130,255,2.05507
135,255,2.05453
140,255,2.05378
145,255,2.05286
150,255,2.05182
155,255,2.05071
160,255,2.04957
165,255,2.04846
170,255,2.04739
175,255,2.04638
180,255,2.04545
185,255,2.04459
190,255,2.04379
195,255,2.04305
200,255,2.04236
205,255,2.04171
210,255,2.0411
215,255,2.04055
220,255,2.04008
225,255,2.03973
230,255,2.03953
235,255,2.03954
240,255,2.03979
245,255,2.04034
250,255,2.04119
255,255,2.04237
260,255,2.04385
265,255,2.04561
270,255,2.04758
275,255,2.0497
280,255,2.05189
285,255,2.05406
290,255,2.05611
295,255,2.05797
300,255,2.05956
305,255,2.06084
310,255,2.06174
315,255,2.06226
320,255,2.06239
325,255,2.06214
330,255,2.06152
335,255,2.06058
340,255,2.05936
345,255,2.05791
350,255,2.05628
355,255,2.05453
360,255,2.05272
0,260,2.29182
5,260,2.28995
10,260,2.28812
15,260,2.28637
20,260,2.28474
25,260,2.28328
30,260,2.28203
35,260,2.28101
40,260,2.28025
45,260,2.27978
50,260,2.27962
55,260,2.27977
60,260,2.28024
65,260,2.28103
70,260,2.28212
75,260,2.28346
80,260,2.28502
85,260,2.28674
90,260,2.28854
95,260,2.29034
100,260,2.29207
105,260,2.29365
110,260,2.29502
115,260,2.29612
120,260,2.29692
125,260,2.29741
130,260,2.29758
135,260,2.29748
140,260,2.29712
145,260,2.29655
150,260,2.29584
155,260,2.29502
160,260,2.29413
165,260,2.29323
170,260,2.29233
175,260,2.29145
180,260,2.2906
185,260,2.28978
190,260,2.28897
195,260,2.28816
200,260,2.28734
205,260,2.28651
210,260,2.28567
215,260,2.28484
220,260,2.28404
225,260,2.28333
230,260,2.28276
235,260,2.28238
240,260,2.28225
245,260,2.28243
250,260,2.28294
255,260,2.28379
260,260,2.28498
265,260,2.28648
270,260,2.28823
275,260,2.29015
280,260,2.29217
285,260,2.29418
290,260,2.2961
295,260,2.29784
300,260,2.29932
305,260,2.3005
310,260,2.30132
315,260,2.30176
320,260,2.30182
325,260,2.30151
330,260,2.30085
335,260,2.29987
340,260,2.29861
345,260,2.29713
350,260,2.29546
355,260,2.29368
360,260,2.29182
0,265,2.43468
5,265,2.43278
10,265,2.4309
15,265,2.4291
20,265,2.42742
25,265,2.4259
30,265,2.42457
35,265,2.42347
40,265,2.42263
45,265,2.42207
50,265,2.42184
55,265,2.42193
60,265,2.42237
65,265,2.42316
70,265,2.42429
75,265,2.42573
80,265,2.42744
85,265,2.42936
90,265,2.43142
95,265,2.43354
100,265,2.43563
105,265,2.43761
110,265,2.43941
115,265,2.44096
120,265,2.44221
125,265,2.44315
130,265,2.44377
135,265,2.44407
140,265,2.4441
145,265,2.4439
150,265,2.4435
155,265,2.44297
160,265,2.44234
165,265,2.44164
170,265,2.44092
175,265,2.44017
180,265,2.43941
185,265,2.43863
190,265,2.43782
195,265,2.43696
200,265,2.43604
205,265,2.43506
210,265,2.43403
215,265,2.43295
220,265,2.43188
225,265,2.43086
230,265,2.42996
235,265,2.42924
240,265,2.42876
245,265,2.42859
250,265,2.42876
255,265,2.42929
260,265,2.43018
265,265,2.4314
270,265,2.43288
275,265,2.43456
280,265,2.43635
285,265,2.43816
290,265,2.43989
295,265,2.44146
300,265,2.44279
305,265,2.44383
310,265,2.44454
315,265,2.4449
320,265,2.44489
325,265,2.44452
330,265,2.44382
335,265,2.44281
340,265,2.44153
345,265,2.44003
350,265,2.43836
355,265,2.43655
360,265,2.43468
0,270,2.48151
5,270,2.4796
10,270,2.47772
15,270,2.4759
20,270,2.47418
25,270,2.47262
30,270,2.47125
35,270,2.4701
40,270,2.46921
45,270,2.46861
50,270,2.46833
55,270,2.4684
60,270,2.46883
65,270,2.46963
70,270,2.47081
75,270,2.47233
80,270,2.47417
85,270,2.47626
90,270,2.47854
95,270,2.48093
100,270,2.48334
105,270,2.48567
110,270,2.48784
115,270,2.48979
120,270,2.49145
125,270,2.4928
130,270,2.49382
135,270,2.49452
140,270,2.49491
145,270,2.49505
150,270,2.49496
155,270,2.4947
160,270,2.49431
165,270,2.49382
170,270,2.49326
175,270,2.49264
180,270,2.49198
185,270,2.49125
190,270,2.49045
195,270,2.48956
200,270,2.48857
205,270,2.48748
210,270,2.48629
215,270,2.48503
220,270,2.48374
225,270,2.48247
230,270,2.48129
235,270,2.48028
240,270,2.47951
245,270,2.47902
250,270,2.47888
255,270,2.47911
260,270,2.47969
265,270,2.4806
270,270,2.48179
275,270,2.48318
280,270,2.4847
285,270,2.48624
290,270,2.48773
295,270,2.48908
300,270,2.49022
305,270,2.4911
310,270,2.49168
315,270,2.49192
320,270,2.49183
325,270,2.49141
330,270,2.49068
335,270,2.48965
340,270,2.48837
345,270,2.48687
350,270,2.48519
355,270,2.48339
360,270,2.48151
0,275,2.4324
5,275,2.43051
10,275,2.42863
15,275,2.42682
20,275,2.42511
25,275,2.42355
30,275,2.42218
35,275,2.42103
40,275,2.42014
45,275,2.41954
50,275,2.41927
55,275,2.41935
60,275,2.41981
65,275,2.42065
70,275,2.42188
75,275,2.42349
80,275,2.42544
85,275,2.42767
90,275,2.43013
95,275,2.43273
100,275,2.43538
105,275,2.43799
110,275,2.44047
115,275,2.44274
120,275,2.44474
125,275,2.44644
130,275,2.4478
135,275,2.44884
140,275,2.44956
145,275,2.45
150,275,2.45019
155,275,2.45018
160,275,2.45001
165,275,2.44972
170,275,2.44931
175,275,2.44882
180,275,2.44825
185,275,2.44758
190,275,2.4468
195,275,2.4459
200,275,2.44487
205,275,2.44371
210,275,2.44241
215,275,2.44102
220,275,2.43957
225,275,2.43812
230,275,2.43674
235,275,2.4355
240,275,2.43448
245,275,2.43373
250,275,2.43331
255,275,2.43324
260,275,2.43352
265,275,2.43412
270,275,2.43498
275,275,2.43606
280,275,2.43726
285,275,2.4385
290,275,2.43971
295,275,2.4408
300,275,2.44171
305,275,2.44239
310,275,2.44281
315,275,2.44293
320,275,2.44275
325,275,2.44228
330,275,2.44151
335,275,2.44047
340,275,2.43919
345,275,2.4377
350,275,2.43605
355,275,2.43426
360,275,2.4324
0,280,2.28732
5,280,2.28546
10,280,2.28362
15,280,2.28185
20,280,2.28019
25,280,2.27867
30,280,2.27735
35,280,2.27625
40,280,2.27542
45,280,2.27488
50,280,2.27468
55,280,2.27482
60,280,2.27535
65,280,2.27627
70,280,2.27758
75,280,2.27928
80,280,2.28132
85,280,2.28366
90,280,2.28625
95,280,2.28899
100,280,2.29181
105,280,2.29461
110,280,2.2973
115,280,2.2998
120,280,2.30206
125,280,2.30402
130,280,2.30566
135,280,2.30697
140,280,2.30796
145,280,2.30865
150,280,2.30909
155,280,2.3093
160,280,2.30932
165,280,2.30919
170,280,2.30893
175,280,2.30855
180,280,2.30805
185,280,2.30744
190,280,2.30669
195,280,2.3058
200,280,2.30476
205,280,2.30356
210,280,2.30221
215,280,2.30074
220,280,2.29919
225,280,2.29763
230,280,2.29611
235,280,2.29471
240,280,2.29351
245,280,2.29255
250,280,2.2919
255,280,2.29156
260,280,2.29154
265,280,2.29182
270,280,2.29236
275,280,2.29309
280,280,2.29395
285,280,2.29486
290,280,2.29575
295,280,2.29655
300,280,2.2972
305,280,2.29767
310,280,2.29791
315,280,2.2979
320,280,2.29763
325,280,2.29709
330,280,2.29629
335,280,2.29525
340,280,2.29398
345,280,2.29251
350,280,2.29089
355,280,2.28914
360,280,2.28732
0,285,2.04607
5,285,2.04428
10,285,2.04251
15,285,2.04082
20,285,2.03924
25,285,2.03782
30,285,2.0366
35,285,2.03561
40,285,2.0349
45,285,2.03449
50,285,2.03441
55,285,2.03468
60,285,2.03533
65,285,2.03636
70,285,2.03777
75,285,2.03955
80,285,2.04168
85,285,2.0441
90,285,2.04676
95,285,2.04958
100,285,2.05248
105,285,2.05537
110,285,2.05818
115,285,2.06082
120,285,2.06323
125,285,2.06536
130,285,2.06718
135,285,2.06869
140,285,2.06987
145,285,2.07076
150,285,2.07138
155,285,2.07177
160,285,2.07194
165,285,2.07195
170,285,2.0718
175,285,2.07151
180,285,2.07108
185,285,2.07052
190,285,2.0698
195,285,2.06893
200,285,2.06789
205,285,2.06668
210,285,2.06532
215,285,2.06383
220,285,2.06224
225,285,2.06063
230,285,2.05904
235,285,2.05755
240,285,2.05622
245,285,2.05511
250,285,2.05426
255,285,2.0537
260,285,2.05341
265,285,2.05339
270,285,2.0536
275,285,2.05399
280,285,2.05449
285,285,2.05505
290,285,2.05561
295,285,2.05611
300,285,2.0565
305,285,2.05673
310,285,2.05679
315,285,2.05664
320,285,2.05627
325,285,2.05567
330,285,2.05484
335,285,2.05379
340,285,2.05254
345,285,2.05111
350,285,2.04953
355,285,2.04783
360,285,2.04607
0,290,1.70818
5,290,1.70649
10,290,1.70483
15,290,1.70325
20,290,1.7018
25,290,1.70053
30,290,1.69947
35,290,1.69866
40,290,1.69812
45,290,1.6979
50,290,1.698
55,290,1.69845
60,290,1.69926
65,290,1.70044
70,290,1.70197
75,290,1.70385
80,290,1.70604
85,290,1.7085
90,290,1.71118
95,290,1.71401
100,290,1.71692
105,290,1.71981
110,290,1.72263
115,290,1.7253
120,290,1.72776
125,290,1.72996
130,290,1.73187
135,290,1.73347
140,290,1.73477
145,290,1.73578
150,290,1.73652
155,290,1.73702
160,290,1.7373
165,290,1.7374
170,290,1.73732
175,290,1.7371
180,290,1.73672
185,290,1.73618
190,290,1.7355
195,290,1.73464
200,290,1.73362
205,290,1.73243
210,290,1.73108
215,290,1.72961
220,290,1.72804
225,290,1.72643
230,290,1.72483
235,290,1.72331
240,290,1.72192
245,290,1.72071
250,290,1.71972
255,290,1.71896
260,290,1.71845
265,290,1.71816
270,290,1.71806
275,290,1.71812
280,290,1.71828
285,290,1.7185
290,290,1.71874
295,290,1.71893
300,290,1.71905
305,290,1.71906
310,290,1.71893
315,290,1.71864
320,290,1.71817
325,290,1.71752
330,290,1.71666
335,290,1.71562
340,290,1.7144
345,290,1.71301
350,290,1.71149
355,290,1.70986
360,290,1.70818
0,295,1.27264
5,295,1.27108
10,295,1.26957
15,295,1.26815
20,295,1.26689
25,295,1.26581
30,295,1.26497
35,295,1.26438
40,295,1.26408
45,295,1.26409
50,295,1.26443
55,295,1.2651
60,295,1.26611
65,295,1.26745
70,295,1.26912
75,295,1.27109
80,295,1.27333
85,295,1.27581
90,295,1.27846
95,295,1.28123
100,295,1.28406
105,295,1.28687
110,295,1.28961
115,295,1.2922
120,295,1.2946
125,295,1.29676
130,295,1.29865
135,295,1.30026
140,295,1.30159
145,295,1.30263
150,295,1.30342
155,295,1.30396
160,295,1.30428
165,295,1.30442
170,295,1.30437
175,295,1.30416
180,295,1.3038
185,295,1.30328
190,295,1.3026
195,295,1.30175
200,295,1.30075
205,295,1.29959
210,295,1.29828
215,295,1.29686
220,295,1.29534
225,295,1.29378
230,295,1.29223
235,295,1.29073
240,295,1.28933
245,295,1.28807
250,295,1.28699
255,295,1.2861
260,295,1.28539
265,295,1.28487
270,295,1.28451
275,295,1.28428
280,295,1.28413
285,295,1.28405
290,295,1.28398
295,295,1.2839
300,295,1.28377
305,295,1.28357
310,295,1.28328
315,295,1.28286
320,295,1.2823
325,295,1.28159
330,295,1.28072
335,295,1.27969
340,295,1.2785
345,295,1.27718
350,295,1.27574
355,295,1.27421
360,295,1.27264
0,300,0.73751
5,300,0.736118
10,300,0.734797
15,300,0.733596
20,300,0.732562
25,300,0.731735
30,300,0.731152
35,300,0.730841
40,300,0.730823
45,300,0.731114
50,300,0.731719
55,300,0.732639
60,300,0.733869
65,300,0.735394
70,300,0.737196
75,300,0.739249
80,300,0.741519
85,300,0.743967
90,300,0.746546
95,300,0.749205
100,300,0.751888
105,300,0.754538
110,300,0.757101
115,300,0.759524
120,300,0.761763
125,300,0.763783
130,300,0.765556
135,300,0.76707
140,300,0.768318
145,300,0.769307
150,300,0.770047
155,300,0.770556
160,300,0.770854
165,300,0.770958
170,300,0.770885
175,300,0.770648
180,300,0.770255
185,300,0.769709
190,300,0.769013
195,300,0.768168
200,300,0.767175
205,300,0.766044
210,300,0.764786
215,300,0.763424
220,300,0.761987
225,300,0.76051
230,300,0.759032
235,300,0.757594
240,300,0.756232
245,300,0.754979
250,300,0.753858
255,300,0.752881
260,300,0.752049
265,300,0.751355
270,300,0.750783
275,300,0.750312
280,300,0.749917
285,300,0.749574
290,300,0.749257
295,300,0.748942
300,300,0.748607
305,300,0.748229
310,300,0.747787
315,300,0.747263
320,300,0.746637
325,300,0.745895
330,300,0.745025
335,300,0.744025
340,300,0.742897
345,300,0.741655
350,300,0.740321
355,300,0.738926
360,300,0.73751
0,305,0.0993538
5,305,0.0981813
10,305,0.0971024
15,305,0.0961637
20,305,0.0954093
25,305,0.0948781
30,305,0.0946021
35,305,0.0946048
40,305,0.0949014
45,305,0.095498
50,305,0.0963926
55,305,0.0975755
60,305,0.0990305
65,305,0.100735
70,305,0.102663
75,305,0.104782
80,305,0.107055
85,305,0.109445
90,305,0.111908
95,305,0.114401
100,305,0.116878
105,305,0.119294
110,305,0.121605
115,305,0.123773
120,305,0.125762
125,305,0.127544
130,305,0.1291
135,305,0.130418
140,305,0.131493
145,305,0.132329
150,305,0.132935
155,305,0.133324
160,305,0.133513
165,305,0.133516
170,305,0.133349
175,305,0.133025
180,305,0.132552
185,305,0.13194
190,305,0.131192
195,305,0.130315
200,305,0.129314
205,305,0.1282
210,305,0.126986
215,305,0.125692
220,305,0.124341
225,305,0.122961
230,305,0.121583
235,305,0.120237
240,305,0.118948
245,305,0.117741
250,305,0.116629
255,305,0.115622
260,305,0.11472
265,305,0.113918
270,305,0.113205
275,305,0.112567
280,305,0.11199
285,305,0.111458
290,305,0.110956
295,305,0.110467
300,305,0.109978
305,305,0.10947
310,305,0.108929
315,305,0.108335
320,305,0.107673
325,305,0.106927
330,305,0.106086
335,305,0.105146
340,305,0.104108
345,305,0.102984
350,305,0.101796
355,305,0.100573
360,305,0.0993538
0,310,-0.647563
5,310,-0.648461
10,310,-0.649244
15,310,-0.649868
20,310,-0.650293
25,310,-0.650484
30,310,-0.650415
35,310,-0.650068
40,310,-0.649436
45,310,-0.648519
50,310,-0.647329
55,310,-0.645885
60,310,-0.644213
65,310,-0.642343
70,310,-0.640309
75,310,-0.63815
80,310,-0.635902
85,310,-0.633605
90,310,-0.631296
95,310,-0.629014
100,310,-0.626795
105,310,-0.624672
110,310,-0.622678
115,310,-0.620839
120,310,-0.619182
125,310,-0.617723
130,310,-0.616476
135,310,-0.61545
140,310,-0.614645
145,310,-0.614058
150,310,-0.613681
155,310,-0.613504
160,310,-0.613512
165,310,-0.613691
170,310,-0.614026
175,310,-0.614506
180,310,-0.615116
185,310,-0.615849
190,310,-0.616693
195,310,-0.617641
200,310,-0.618681
205,310,-0.619804
210,310,-0.620993
215,310,-0.622233
220,310,-0.623505
225,310,-0.624787
230,310,-0.626058
235,310,-0.627299
240,310,-0.62849
245,310,-0.62962
250,310,-0.63068
255,310,-0.631665
260,310,-0.632577
265,310,-0.633419
270,310,-0.634199
275,310,-0.634924
280,310,-0.635602
285,310,-0.636241
290,310,-0.63685
295,310,-0.637437
300,310,-0.638011
305,310,-0.638584
310,310,-0.639168
315,310,-0.639779
320,310,-0.64043
325,310,-0.641134
330,310,-0.641903
335,310,-0.64274
340,310,-0.643644
345,310,-0.644602
350,310,-0.645595
355,310,-0.646594
360,310,-0.647563
0,315,-1.51249
5,315,-1.51305
10,315,-1.51348
15,315,-1.51373
20,315,-1.51378
25,315,-1.51359
30,315,-1.51314
35,315,-1.51243
40,315,-1.51144
45,315,-1.5102
50,315,-1.50872
55,315,-1.50703
60,315,-1.50516
65,315,-1.50315
70,315,-1.50104
75,315,-1.49887
80,315,-1.49668
85,315,-1.4945
90,315,-1.49239
95,315,-1.49035
100,315,-1.48843
105,315,-1.48665
110,315,-1.48503
115,315,-1.48358
120,315,-1.48233
125,315,-1.48127
130,315,-1.48042
135,315,-1.47977
140,315,-1.47933
145,315,-1.47909
150,315,-1.47904
155,315,-1.47917
160,315,-1.47946
165,315,-1.47991
170,315,-1.4805
175,315,-1.48121
180,315,-1.48203
185,315,-1.48294
190,315,-1.48394
195,315,-1.48501
200,315,-1.48613
205,315,-1.4873
210,315,-1.4885
215,315,-1.48972
220,315,-1.49093
225,315,-1.49214
230,315,-1.49331
235,315,-1.49445
240,315,-1.49553
245,315,-1.49656
250,315,-1.49754
255,315,-1.49846
260,315,-1.49932
265,315,-1.50014
270,315,-1.50091
275,315,-1.50164
280,315,-1.50233
285,315,-1.50299
290,315,-1.50362
295,315,-1.50421
300,315,-1.50479
305,315,-1.50535
310,315,-1.5059
315,315,-1.50646
320,315,-1.50704
325,315,-1.50764
330,315,-1.50828
335,315,-1.50895
340,315,-1.50966
345,315,-1.51039
350,315,-1.51112
355,315,-1.51184
360,315,-1.51249
0,320,-2.51005
5,320,-2.5102
10,320,-2.51021
15,320,-2.51003
20,320,-2.50964
25,320,-2.50903
30,320,-2.50817
35,320,-2.50707
40,320,-2.50572
45,320,-2.50415
50,320,-2.50239
55,320,-2.50047
60,320,-2.49842
65,320,-2.4963
70,320,-2.49414
75,320,-2.49199
80,320,-2.48989
85,320,-2.48788
90,320,-2.48598
95,320,-2.48424
100,320,-2.48265
105,320,-2.48125
110,320,-2.48005
115,320,-2.47905
120,320,-2.47825
125,320,-2.47766
130,320,-2.47728
135,320,-2.4771
140,320,-2.47712
145,320,-2.47732
150,320,-2.4777
155,320,-2.47823
160,320,-2.47892
165,320,-2.47973
170,320,-2.48066
175,320,-2.48168
180,320,-2.48279
185,320,-2.48396
190,320,-2.48518
195,320,-2.48644
200,320,-2.48771
205,320,-2.48898
210,320,-2.49024
215,320,-2.49148
220,320,-2.49268
225,320,-2.49384
230,320,-2.49494
235,320,-2.49599
240,320,-2.49697
245,320,-2.4979
250,320,-2.49877
255,320,-2.49959
260,320,-2.50036
265,320,-2.50109
270,320,-2.50178
275,320,-2.50243
280,320,-2.50305
285,320,-2.50364
290,320,-2.50419
295,320,-2.5047
300,320,-2.50519
305,320,-2.50564
310,320,-2.50608
315,320,-2.5065
320,320,-2.50691
325,320,-2.50733
330,320,-2.50775
335,320,-2.50818
340,320,-2.50862
345,320,-2.50904
350,320,-2.50944
355,320,-2.50979
360,320,-2.51005
0,325,-3.66326
5,325,-3.66292
10,325,-3.66242
15,325,-3.66174
20,325,-3.66086
25,325,-3.65976
30,325,-3.65845
35,325,-3.65693
40,325,-3.65521
45,325,-3.65332
50,325,-3.65128
55,325,-3.64914
60,325,-3.64694
65,325,-3.64472
70,325,-3.64255
75,325,-3.64045
80,325,-3.63847
85,325,-3.63664
90,325,-3.635
95,325,-3.63357
100,325,-3.63235
105,325,-3.63137
110,325,-3.63063
115,325,-3.63012
120,325,-3.62985
125,325,-3.6298
130,325,-3.62997
135,325,-3.63034
140,325,-3.63091
145,325,-3.63165
150,325,-3.63256
155,325,-3.63361
160,325,-3.63479
165,325,-3.63607
170,325,-3.63745
175,325,-3.63889
180,325,-3.64038
185,325,-3.6419
190,325,-3.64343
195,325,-3.64496
200,325,-3.64645
205,325,-3.6479
210,325,-3.6493
215,325,-3.65062
220,325,-3.65187
225,325,-3.65304
230,325,-3.65412
235,325,-3.65511
240,325,-3.65603
245,325,-3.65686
250,325,-3.65762
255,325,-3.65832
260,325,-3.65896
265,325,-3.65955
270,325,-3.6601
275,325,-3.6606
280,325,-3.66106
285,325,-3.66147
290,325,-3.66185
295,325,-3.66218
300,325,-3.66246
305,325,-3.66271
310,325,-3.66292
315,325,-3.6631
320,325,-3.66325
325,325,-3.66337
330,325,-3.66348
335,325,-3.66356
340,325,-3.66362
345,325,-3.66363
350,325,-3.6636
355,325,-3.66348
360,325,-3.66326
0,330,-5.00879
5,330,-5.00783
10,330,-5.00672
15,330,-5.00544
20,330,-5.00399
25,330,-5.00234
30,330,-5.00052
35,330,-4.99854
40,330,-4.99641
45,330,-4.99416
50,330,-4.99184
55,330,-4.98948
60,330,-4.98713
65,330,-4.98485
70,330,-4.98267
75,330,-4.98064
80,330,-4.9788
85,330,-4.97719
90,330,-4.97583
95,330,-4.97474
100,330,-4.97394
105,330,-4.97342
110,330,-4.97318
115,330,-4.97323
120,330,-4.97354
125,330,-4.97411
130,330,-4.97491
135,330,-4.97594
140,330,-4.97716
145,330,-4.97856
150,330,-4.98012
155,330,-4.98181
160,330,-4.98362
165,330,-4.98551
170,330,-4.98746
175,330,-4.98945
180,330,-4.99145
185,330,-4.99344
190,330,-4.9954
195,330,-4.9973
200,330,-4.99913
205,330,-5.00086
210,330,-5.00249
215,330,-5.004
220,330,-5.00539
225,330,-5.00665
230,330,-5.00778
235,330,-5.00878
240,330,-5.00966
245,330,-5.01043
250,330,-5.01109
255,330,-5.01167
260,330,-5.01216
265,330,-5.01257
270,330,-5.01291
275,330,-5.01319
280,330,-5.0134
285,330,-5.01355
290,330,-5.01364
295,330,-5.01367
300,330,-5.01364
305,330,-5.01356
310,330,-5.01341
315,330,-5.01321
320,330,-5.01296
325,330,-5.01266
330,330,-5.01231
335,330,-5.01191
340,330,-5.01145
345,330,-5.01092
350,330,-5.01031
355,330,-5.00961
360,330,-5.00879
0,335,-6.60691
5,335,-6.60518
10,335,-6.60331
15,335,-6.60129
20,335,-6.59912
25,335,-6.59682
30,335,-6.59438
35,335,-6.59185
40,335,-6.58924
45,335,-6.58658
50,335,-6.58393
55,335,-6.58132
60,335,-6.57881
65,335,-6.57644
70,335,-6.57426
75,335,-6.57232
80,335,-6.57064
85,335,-6.56927
90,335,-6.56822
95,335,-6.56752
100,335,-6.56716
105,335,-6.56716
110,335,-6.5675
115,335,-6.56818
120,335,-6.56917
125,335,-6.57046
130,335,-6.57202
135,335,-6.57383
140,335,-6.57585
145,335,-6.57807
150,335,-6.58044
155,335,-6.58295
160,335,-6.58555
165,335,-6.58822
170,335,-6.59093
175,335,-6.59365
180,335,-6.59634
185,335,-6.59898
190,335,-6.60154
195,335,-6.60399
200,335,-6.60631
205,335,-6.60849
210,335,-6.6105
215,335,-6.61234
220,335,-6.61399
225,335,-6.61546
230,335,-6.61674
235,335,-6.61784
240,335,-6.61876
245,335,-6.61952
250,335,-6.62012
255,335,-6.62058
260,335,-6.6209
265,335,-6.62111
270,335,-6.6212
275,335,-6.62118
280,335,-6.62106
285,335,-6.62084
290,335,-6.62052
295,335,-6.62012
300,335,-6.61962
305,335,-6.61903
310,335,-6.61836
315,335,-6.61761
320,335,-6.61677
325,335,-6.61585
330,335,-6.61485
335,335,-6.61377
340,335,-6.61261
345,335,-6.61135
350,335,-6.60998
355,335,-6.60851
360,335,-6.60691
0,340,-8.56258
5,340,-8.5598
10,340,-8.55691
15,340,-8.5539
20,340,-8.5508
25,340,-8.54763
30,340,-8.5444
35,340,-8.54114
40,340,-8.5379
45,340,-8.53471
50,340,-8.53162
55,340,-8.52868
60,340,-8.52593
65,340,-8.52343
70,340,-8.52122
75,340,-8.51934
80,340,-8.51783
85,340,-8.51672
90,340,-8.51603
95,340,-8.51577
100,340,-8.51594
105,340,-8.51655
110,340,-8.51759
115,340,-8.51903
120,340,-8.52086
125,340,-8.52304
130,340,-8.52556
135,340,-8.52836
140,340,-8.53142
145,340,-8.5347
150,340,-8.53815
155,340,-8.54175
160,340,-8.54543
165,340,-8.54918
170,340,-8.55294
175,340,-8.55667
180,340,-8.56035
185,340,-8.56392
190,340,-8.56736
195,340,-8.57064
200,340,-8.57373
205,340,-8.5766
210,340,-8.57924
215,340,-8.58163
220,340,-8.58376
225,340,-8.58563
230,340,-8.58723
235,340,-8.58857
240,340,-8.58966
245,340,-8.59049
250,340,-8.59109
255,340,-8.59147
260,340,-8.59163
265,340,-8.5916
270,340,-8.59137
275,340,-8.59097
280,340,-8.5904
285,340,-8.58966
290,340,-8.58877
295,340,-8.58774
300,340,-8.58656
305,340,-8.58524
310,340,-8.58379
315,340,-8.58221
320,340,-8.5805
325,340,-8.57868
330,340,-8.57673
335,340,-8.57467
340,340,-8.57249
345,340,-8.57019
350,340,-8.56778
355,340,-8.56524
360,340,-8.56258
0,345,-11.0771
5,345,-11.0728
10,345,-11.0683
15,345,-11.0639
20,345,-11.0594
25,345,-11.0549
30,345,-11.0505
35,345,-11.0461
40,345,-11.0419
45,345,-11.0379
50,345,-11.0341
55,345,-11.0306
60,345,-11.0275
65,345,-11.0247
70,345,-11.0224
75,345,-11.0205
80,345,-11.0192
85,345,-11.0184
90,345,-11.0181
95,345,-11.0184
100,345,-11.0193
105,345,-11.0207
110,345,-11.0227
115,345,-11.0251
120,345,-11.0281
125,345,-11.0316
130,345,-11.0354
135,345,-11.0396
140,345,-11.0442
145,345,-11.049
150,345,-11.054
155,345,-11.0592
160,345,-11.0646
165,345,-11.0699
170,345,-11.0753
175,345,-11.0806
180,345,-11.0858
185,345,-11.0909
190,345,-11.0958
195,345,-11.1004
200,345,-11.1048
205,345,-11.1088
210,345,-11.1126
215,345,-11.1159
220,345,-11.1189
225,345,-11.1216
230,345,-11.1238
235,345,-11.1257
240,345,-11.1271
245,345,-11.1282
250,345,-11.1289
255,345,-11.1293
260,345,-11.1293
265,345,-11.129
270,345,-11.1284
275,345,-11.1274
280,345,-11.1262
285,345,-11.1247
290,345,-11.123
295,345,-11.121
300,345,-11.1187
305,345,-11.1162
310,345,-11.1136
315,345,-11.1107
320,345,-11.1076
325,345,-11.1043
330,345,-11.1009
335,345,-11.0973
340,345,-11.0935
345,345,-11.0896
350,345,-11.0856
355,345,-11.0814
360,345,-11.0771
0,350,-14.6078
5,350,-14.6005
10,350,-14.5933
15,350,-14.5861
20,350,-14.5791
25,350,-14.5722
30,350,-14.5655
35,350,-14.5592
40,350,-14.5532
45,350,-14.5476
50,350,-14.5424
55,350,-14.5378
60,350,-14.5338
65,350,-14.5304
70,350,-14.5277
75,350,-14.5257
80,350,-14.5245
85,350,-14.524
90,350,-14.5244
95,350,-14.5255
100,350,-14.5275
105,350,-14.5302
110,350,-14.5337
115,350,-14.538
120,350,-14.5429
125,350,-14.5485
130,350,-14.5547
135,350,-14.5614
140,350,-14.5685
145,350,-14.5761
150,350,-14.584
155,350,-14.5921
160,350,-14.6003
165,350,-14.6087
170,350,-14.6171
175,350,-14.6254
180,350,-14.6335
185,350,-14.6414
190,350,-14.6491
195,350,-14.6564
200,350,-14.6633
205,350,-14.6697
210,350,-14.6757
215,350,-14.6811
220,350,-14.6859
225,350,-14.6902
230,350,-14.6938
235,350,-14.6968
240,350,-14.6992
245,350,-14.7009
250,350,-14.7021
255,350,-14.7026
260,350,-14.7025
265,350,-14.7018
270,350,-14.7006
275,350,-14.6988
280,350,-14.6964
285,350,-14.6936
290,350,-14.6903
295,350,-14.6865
300,350,-14.6823
305,350,-14.6776
310,350,-14.6726
315,350,-14.6673
320,350,-14.6616
325,350,-14.6556
330,350,-14.6493
335,350,-14.6428
340,350,-14.6361
345,350,-14.6292
350,350,-14.6221
355,350,-14.615
360,350,-14.6078
0,355,-20.6172
5,355,-20.6018
10,355,-20.5867
15,355,-20.572
20,355,-20.5578
25,355,-20.5442
30,355,-20.5312
35,355,-20.5191
40,355,-20.5079
45,355,-20.4976
50,355,-20.4885
55,355,-20.4805
60,355,-20.4737
65,355,-20.4683
70,355,-20.4642
75,355,-20.4615
80,355,-20.4603
85,355,-20.4605
90,355,-20.4622
95,355,-20.4654
100,355,-20.4701
105,355,-20.4762
110,355,-20.4836
115,355,-20.4924
120,355,-20.5025
125,355,-20.5138
130,355,-20.5261
135,355,-20.5395
140,355,-20.5537
145,355,-20.5687
150,355,-20.5843
155,355,-20.6005
160,355,-20.617
165,355,-20.6337
170,355,-20.6505
175,355,-20.6673
180,355,-20.6839
185,355,-20.7001
190,355,-20.7159
195,355,-20.7311
200,355,-20.7455
205,355,-20.7592
210,355,-20.7718
215,355,-20.7835
220,355,-20.794
225,355,-20.8034
230,355,-20.8115
235,355,-20.8183
240,355,-20.8238
245,355,-20.8279
250,355,-20.8306
255,355,-20.8319
260,355,-20.8319
265,355,-20.8305
270,355,-20.8277
275,355,-20.8237
280,355,-20.8183
285,355,-20.8118
290,355,-20.8041
295,355,-20.7953
300,355,-20.7855
305,355,-20.7747
310,355,-20.763
315,355,-20.7505
320,355,-20.7374
325,355,-20.7235
330,355,-20.7092
335,355,-20.6944
340,355,-20.6792
345,355,-20.6638
350,355,-20.6483
355,355,-20.6327
360,355,-20.6172
0,360,-51.8634
5,360,-51.8634
10,360,-51.8634
15,360,-51.8634
20,360,-51.8634
25,360,-51.8634
30,360,-51.8634
35,360,-51.8634
40,360,-51.8634
45,360,-51.8634
50,360,-51.8634
55,360,-51.8634
60,360,-51.8634
65,360,-51.8634
70,360,-51.8634
75,360,-51.8634
80,360,-51.8634
85,360,-51.8634
90,360,-51.8634
95,360,-51.8634
100,360,-51.8634
105,360,-51.8634
110,360,-51.8634
115,360,-51.8634
120,360,-51.8634
125,360,-51.8634
130,360,-51.8634
135,360,-51.8634
140,360,-51.8634
145,360,-51.8634
150,360,-51.8634
155,360,-51.8634
160,360,-51.8634
165,360,-51.8634
170,360,-51.8634
175,360,-51.8634
180,360,-51.8634
185,360,-51.8634
190,360,-51.8634
195,360,-51.8634
200,360,-51.8634
205,360,-51.8634
210,360,-51.8634
215,360,-51.8634
220,360,-51.8634
225,360,-51.8634
230,360,-51.8634
235,360,-51.8634
240,360,-51.8634
245,360,-51.8634
250,360,-51.8634
255,360,-51.8634
260,360,-51.8634
265,360,-51.8634
270,360,-51.8634
275,360,-51.8634
280,360,-51.8634
285,360,-51.8634
290,360,-51.8634
295,360,-51.8634
300,360,-51.8634
305,360,-51.8634
310,360,-51.8634
315,360,-51.8634
320,360,-51.8634
325,360,-51.8634
330,360,-51.8634
335,360,-51.8634
340,360,-51.8634
345,360,-51.8634
350,360,-51.8634
355,360,-51.8634
360,360,-51.8634
